frame,time_s,x1,y1,x2,y2,conf,cls
0,0.0,,,,,,
1,0.0417,,,,,,
2,0.0833,,,,,,
3,0.125,,,,,,
4,0.1667,,,,,,
5,0.2083,,,,,,
6,0.25,,,,,,
7,0.2917,,,,,,
8,0.3333,,,,,,
9,0.375,,,,,,
10,0.4167,,,,,,
11,0.4583,,,,,,
12,0.5,,,,,,
13,0.5417,,,,,,
14,0.5833,,,,,,
15,0.625,,,,,,
16,0.6667,,,,,,
17,0.7083,,,,,,
18,0.75,,,,,,
19,0.7917,,,,,,
20,0.8333,,,,,,
21,0.875,,,,,,
22,0.9167,,,,,,
23,0.9583,,,,,,
24,1.0,,,,,,
25,1.0417,,,,,,
26,1.0833,,,,,,
27,1.125,,,,,,
28,1.1667,,,,,,
29,1.2083,,,,,,
30,1.25,,,,,,
31,1.2917,,,,,,
32,1.3333,,,,,,
33,1.375,,,,,,
34,1.4167,,,,,,
35,1.4583,,,,,,
36,1.5,,,,,,
37,1.5417,,,,,,
38,1.5833,,,,,,
39,1.625,,,,,,
40,1.6667,,,,,,
41,1.7083,,,,,,
42,1.75,,,,,,
43,1.7917,,,,,,
44,1.8333,,,,,,
45,1.875,,,,,,
46,1.9167,,,,,,
47,1.9583,,,,,,
48,2.0,,,,,,
49,2.0417,,,,,,
50,2.0833,,,,,,
51,2.125,,,,,,
52,2.1667,,,,,,
53,2.2083,,,,,,
54,2.25,,,,,,
55,2.2917,,,,,,
56,2.3333,,,,,,
57,2.375,,,,,,
58,2.4167,,,,,,
59,2.4583,,,,,,
60,2.5,,,,,,
61,2.5417,,,,,,
62,2.5833,,,,,,
63,2.625,,,,,,
64,2.6667,,,,,,
65,2.7083,,,,,,
66,2.75,,,,,,
67,2.7917,,,,,,
68,2.8333,,,,,,
69,2.875,,,,,,
70,2.9167,,,,,,
71,2.9583,,,,,,
72,3.0,,,,,,
73,3.0417,,,,,,
74,3.0833,,,,,,
75,3.125,,,,,,
76,3.1667,,,,,,
77,3.2083,,,,,,
78,3.25,,,,,,
79,3.2917,,,,,,
80,3.3333,,,,,,
81,3.375,,,,,,
82,3.4167,,,,,,
83,3.4583,,,,,,
84,3.5,,,,,,
85,3.5417,,,,,,
86,3.5833,,,,,,
87,3.625,,,,,,
88,3.6667,,,,,,
89,3.7083,,,,,,
90,3.75,,,,,,
91,3.7917,,,,,,
92,3.8333,,,,,,
93,3.875,,,,,,
94,3.9167,,,,,,
95,3.9583,,,,,,
96,4.0,,,,,,
97,4.0417,,,,,,
98,4.0833,,,,,,
99,4.125,,,,,,
100,4.1667,,,,,,
101,4.2083,,,,,,
102,4.25,,,,,,
103,4.2917,,,,,,
104,4.3333,,,,,,
105,4.375,,,,,,
106,4.4167,,,,,,
107,4.4583,,,,,,
108,4.5,,,,,,
109,4.5417,,,,,,
110,4.5833,,,,,,
111,4.625,,,,,,
112,4.6667,,,,,,
113,4.7083,,,,,,
114,4.75,,,,,,
115,4.7917,,,,,,
116,4.8333,,,,,,
117,4.875,,,,,,
118,4.9167,,,,,,
119,4.9583,,,,,,
120,5.0,,,,,,
121,5.0417,,,,,,
122,5.0833,,,,,,
123,5.125,588.1,255.3,639.6,292.3,0.2037,1
124,5.1667,589.0,256.0,639.7,293.4,0.1119,1
125,5.2083,,,,,,
126,5.25,,,,,,
127,5.2917,,,,,,
128,5.3333,,,,,,
129,5.375,,,,,,
130,5.4167,,,,,,
131,5.4583,,,,,,
132,5.5,,,,,,
133,5.5417,,,,,,
134,5.5833,,,,,,
135,5.625,,,,,,
136,5.6667,,,,,,
137,5.7083,,,,,,
138,5.75,,,,,,
139,5.7917,,,,,,
140,5.8333,,,,,,
141,5.875,,,,,,
142,5.9167,,,,,,
143,5.9583,,,,,,
144,6.0,,,,,,
145,6.0417,,,,,,
146,6.0833,,,,,,
147,6.125,,,,,,
148,6.1667,,,,,,
149,6.2083,,,,,,
150,6.25,,,,,,
151,6.2917,,,,,,
152,6.3333,,,,,,
153,6.375,,,,,,
154,6.4167,,,,,,
155,6.4583,,,,,,
156,6.5,,,,,,
157,6.5417,,,,,,
158,6.5833,578.1,256.4,639.5,295.0,0.1511,1
159,6.625,,,,,,
160,6.6667,,,,,,
161,6.7083,,,,,,
162,6.75,,,,,,
163,6.7917,,,,,,
164,6.8333,,,,,,
165,6.875,549.3,252.3,636.3,298.2,0.1076,1
166,6.9167,552.8,254.5,636.2,296.8,0.3973,1
167,6.9583,567.7,256.9,637.5,295.9,0.1267,1
168,7.0,,,,,,
169,7.0417,552.4,254.3,635.4,296.2,0.1644,1
170,7.0833,569.0,257.4,637.0,294.6,0.3796,1
171,7.125,569.0,257.4,635.1,294.8,0.4649,1
172,7.1667,571.3,258.9,636.2,296.2,0.6164,1
173,7.2083,571.7,257.1,635.2,295.7,0.3221,1
174,7.25,,,,,,
175,7.2917,570.8,257.0,632.6,296.0,0.3698,1
175,7.2917,535.0,250.9,629.8,298.1,0.1638,1
175,7.2917,556.4,254.4,631.3,296.0,0.1013,1
176,7.3333,570.4,257.2,632.7,295.0,0.3279,1
176,7.3333,537.6,251.6,629.4,298.4,0.1127,1
177,7.375,568.7,257.5,631.7,295.0,0.2529,1
177,7.375,555.8,255.5,630.2,295.1,0.1292,1
178,7.4167,568.2,257.2,631.1,295.4,0.2324,1
178,7.4167,535.5,252.1,627.5,298.1,0.1435,1
179,7.4583,536.8,252.7,625.8,297.6,0.1055,1
180,7.5,521.2,251.1,626.8,297.6,0.2958,1
180,7.5,568.5,255.7,629.6,296.3,0.146,1
181,7.5417,,,,,,
182,7.5833,522.2,249.5,625.5,298.4,0.1554,1
183,7.625,557.5,254.6,626.7,293.5,0.2683,1
183,7.625,567.3,256.8,628.1,294.1,0.2621,1
184,7.6667,568.4,258.2,627.7,295.1,0.3434,1
184,7.6667,558.8,256.8,626.4,294.8,0.1951,1
185,7.7083,533.1,253.2,624.6,296.2,0.3098,1
186,7.75,534.2,254.5,623.0,296.1,0.1318,1
187,7.7917,,,,,,
188,7.8333,554.0,254.9,624.0,293.1,0.2584,1
189,7.875,560.7,256.5,623.9,294.0,0.6938,1
190,7.9167,560.8,256.9,623.9,295.5,0.6569,1
191,7.9583,559.7,256.1,622.6,293.3,0.6422,1
192,8.0,556.0,255.3,623.3,294.0,0.1991,1
193,8.0417,558.6,255.4,622.8,293.9,0.4498,1
194,8.0833,,,,,,
195,8.125,,,,,,
196,8.1667,554.1,256.1,621.6,296.1,0.1287,1
197,8.2083,530.7,253.7,622.0,298.7,0.2468,1
198,8.25,535.7,255.1,620.7,298.3,0.1306,1
199,8.2917,553.0,257.4,619.1,295.9,0.1029,1
200,8.3333,,,,,,
201,8.375,506.5,244.3,618.2,302.0,0.1311,1
202,8.4167,,,,,,
203,8.4583,552.3,254.9,616.5,294.9,0.1772,1
203,8.4583,517.0,249.3,614.3,297.9,0.1291,1
204,8.5,552.7,255.7,616.0,294.7,0.1829,1
205,8.5417,554.5,255.9,614.4,294.9,0.1434,1
206,8.5833,554.2,257.1,615.0,293.6,0.1688,1
207,8.625,555.7,257.3,613.0,292.4,0.4065,1
208,8.6667,555.2,258.0,613.0,293.1,0.3481,1
209,8.7083,555.6,255.0,613.2,294.3,0.1527,1
210,8.75,,,,,,
211,8.7917,,,,,,
212,8.8333,519.5,253.7,609.4,296.6,0.1674,1
213,8.875,522.4,255.6,607.7,297.0,0.1129,1
214,8.9167,521.0,253.0,606.7,295.3,0.1588,1
215,8.9583,,,,,,
216,9.0,553.0,258.3,609.1,293.1,0.3222,1
217,9.0417,,,,,,
218,9.0833,515.3,253.3,605.2,294.9,0.1886,1
219,9.125,,,,,,
220,9.1667,,,,,,
221,9.2083,,,,,,
222,9.25,,,,,,
223,9.2917,,,,,,
224,9.3333,,,,,,
225,9.375,,,,,,
226,9.4167,,,,,,
227,9.4583,,,,,,
228,9.5,,,,,,
229,9.5417,,,,,,
230,9.5833,,,,,,
231,9.625,,,,,,
232,9.6667,,,,,,
233,9.7083,,,,,,
234,9.75,,,,,,
235,9.7917,,,,,,
236,9.8333,,,,,,
237,9.875,,,,,,
238,9.9167,,,,,,
239,9.9583,,,,,,
240,10.0,375.9,214.6,413.1,269.9,0.1883,1
241,10.0417,375.6,214.6,413.5,270.0,0.249,1
242,10.0833,,,,,,
243,10.125,298.0,217.8,369.6,267.6,0.2399,1
244,10.1667,297.9,217.3,369.7,265.4,0.1734,1
245,10.2083,297.6,218.2,369.4,261.8,0.3492,1
246,10.25,297.7,215.0,369.7,262.2,0.4361,1
246,10.25,373.0,213.3,415.0,269.4,0.1235,1
247,10.2917,296.7,214.7,369.2,261.5,0.4604,1
248,10.3333,296.0,214.2,369.1,263.5,0.2028,1
249,10.375,295.0,213.5,369.0,263.4,0.1373,1
250,10.4167,294.9,211.2,366.5,261.0,0.3786,1
251,10.4583,295.2,211.1,366.0,260.7,0.1254,1
252,10.5,294.9,211.3,366.6,260.9,0.2078,1
253,10.5417,294.1,211.2,367.9,260.2,0.4289,1
254,10.5833,,,,,,
255,10.625,,,,,,
256,10.6667,,,,,,
257,10.7083,,,,,,
258,10.75,,,,,,
259,10.7917,,,,,,
260,10.8333,,,,,,
261,10.875,,,,,,
262,10.9167,,,,,,
263,10.9583,,,,,,
264,11.0,,,,,,
265,11.0417,,,,,,
266,11.0833,,,,,,
267,11.125,,,,,,
268,11.1667,,,,,,
269,11.2083,,,,,,
270,11.25,,,,,,
271,11.2917,,,,,,
272,11.3333,,,,,,
273,11.375,,,,,,
274,11.4167,,,,,,
275,11.4583,,,,,,
276,11.5,,,,,,
277,11.5417,,,,,,
278,11.5833,,,,,,
279,11.625,,,,,,
280,11.6667,,,,,,
281,11.7083,,,,,,
282,11.75,,,,,,
283,11.7917,,,,,,
284,11.8333,,,,,,
285,11.875,,,,,,
286,11.9167,,,,,,
287,11.9583,,,,,,
288,12.0,,,,,,
289,12.0417,,,,,,
290,12.0833,,,,,,
291,12.125,,,,,,
292,12.1667,,,,,,
293,12.2083,,,,,,
294,12.25,,,,,,
295,12.2917,,,,,,
296,12.3333,,,,,,
297,12.375,,,,,,
298,12.4167,,,,,,
299,12.4583,,,,,,
300,12.5,,,,,,
301,12.5417,,,,,,
302,12.5833,,,,,,
303,12.625,,,,,,
304,12.6667,,,,,,
305,12.7083,,,,,,
306,12.75,,,,,,
307,12.7917,,,,,,
308,12.8333,,,,,,
309,12.875,,,,,,
310,12.9167,,,,,,
311,12.9583,,,,,,
312,13.0,,,,,,
313,13.0417,,,,,,
314,13.0833,,,,,,
315,13.125,,,,,,
316,13.1667,,,,,,
317,13.2083,,,,,,
318,13.25,,,,,,
319,13.2917,,,,,,
320,13.3333,,,,,,
321,13.375,,,,,,
322,13.4167,,,,,,
323,13.4583,,,,,,
324,13.5,,,,,,
325,13.5417,,,,,,
326,13.5833,,,,,,
327,13.625,,,,,,
328,13.6667,,,,,,
329,13.7083,,,,,,
330,13.75,,,,,,
331,13.7917,,,,,,
332,13.8333,,,,,,
333,13.875,,,,,,
334,13.9167,,,,,,
335,13.9583,,,,,,
336,14.0,,,,,,
337,14.0417,,,,,,
338,14.0833,,,,,,
339,14.125,,,,,,
340,14.1667,,,,,,
341,14.2083,,,,,,
342,14.25,,,,,,
343,14.2917,,,,,,
344,14.3333,,,,,,
345,14.375,,,,,,
346,14.4167,,,,,,
347,14.4583,,,,,,
348,14.5,,,,,,
349,14.5417,,,,,,
350,14.5833,,,,,,
351,14.625,,,,,,
352,14.6667,,,,,,
353,14.7083,,,,,,
354,14.75,,,,,,
355,14.7917,,,,,,
356,14.8333,,,,,,
357,14.875,,,,,,
358,14.9167,,,,,,
359,14.9583,,,,,,
360,15.0,,,,,,
361,15.0417,,,,,,
362,15.0833,,,,,,
363,15.125,,,,,,
364,15.1667,,,,,,
365,15.2083,,,,,,
366,15.25,,,,,,
367,15.2917,,,,,,
368,15.3333,,,,,,
369,15.375,,,,,,
370,15.4167,,,,,,
371,15.4583,,,,,,
372,15.5,,,,,,
373,15.5417,,,,,,
374,15.5833,,,,,,
375,15.625,,,,,,
376,15.6667,,,,,,
377,15.7083,,,,,,
378,15.75,,,,,,
379,15.7917,,,,,,
380,15.8333,,,,,,
381,15.875,,,,,,
382,15.9167,,,,,,
383,15.9583,,,,,,
384,16.0,,,,,,
385,16.0417,,,,,,
386,16.0833,,,,,,
387,16.125,,,,,,
388,16.1667,,,,,,
389,16.2083,,,,,,
390,16.25,,,,,,
391,16.2917,,,,,,
392,16.3333,,,,,,
393,16.375,,,,,,
394,16.4167,,,,,,
395,16.4583,,,,,,
396,16.5,,,,,,
397,16.5417,228.5,126.2,286.2,220.5,0.1347,1
398,16.5833,,,,,,
399,16.625,228.7,126.3,287.6,220.5,0.3692,1
400,16.6667,232.3,127.4,287.9,218.3,0.2861,1
401,16.7083,,,,,,
402,16.75,229.1,123.1,292.1,215.7,0.3142,1
403,16.7917,230.6,122.7,290.1,220.2,0.1386,1
404,16.8333,232.8,108.6,290.8,218.8,0.1086,1
405,16.875,,,,,,
406,16.9167,,,,,,
407,16.9583,,,,,,
408,17.0,,,,,,
409,17.0417,,,,,,
410,17.0833,,,,,,
411,17.125,,,,,,
412,17.1667,,,,,,
413,17.2083,,,,,,
414,17.25,,,,,,
415,17.2917,,,,,,
416,17.3333,,,,,,
417,17.375,,,,,,
418,17.4167,,,,,,
419,17.4583,,,,,,
420,17.5,,,,,,
421,17.5417,,,,,,
422,17.5833,,,,,,
423,17.625,,,,,,
424,17.6667,,,,,,
425,17.7083,,,,,,
426,17.75,,,,,,
427,17.7917,,,,,,
428,17.8333,,,,,,
429,17.875,,,,,,
430,17.9167,,,,,,
431,17.9583,,,,,,
432,18.0,,,,,,
433,18.0417,,,,,,
434,18.0833,,,,,,
435,18.125,,,,,,
436,18.1667,,,,,,
437,18.2083,,,,,,
438,18.25,,,,,,
439,18.2917,,,,,,
440,18.3333,,,,,,
441,18.375,,,,,,
442,18.4167,,,,,,
443,18.4583,,,,,,
444,18.5,,,,,,
445,18.5417,,,,,,
446,18.5833,,,,,,
447,18.625,,,,,,
448,18.6667,,,,,,
449,18.7083,,,,,,
450,18.75,,,,,,
451,18.7917,,,,,,
452,18.8333,,,,,,
453,18.875,,,,,,
454,18.9167,,,,,,
455,18.9583,,,,,,
456,19.0,,,,,,
457,19.0417,,,,,,
458,19.0833,,,,,,
459,19.125,,,,,,
460,19.1667,,,,,,
461,19.2083,,,,,,
462,19.25,,,,,,
463,19.2917,,,,,,
464,19.3333,,,,,,
465,19.375,,,,,,
466,19.4167,,,,,,
467,19.4583,,,,,,
468,19.5,,,,,,
469,19.5417,,,,,,
470,19.5833,,,,,,
471,19.625,,,,,,
472,19.6667,,,,,,
473,19.7083,,,,,,
474,19.75,,,,,,
475,19.7917,,,,,,
476,19.8333,,,,,,
477,19.875,,,,,,
478,19.9167,,,,,,
479,19.9583,,,,,,
480,20.0,,,,,,
481,20.0417,,,,,,
482,20.0833,,,,,,
483,20.125,,,,,,
484,20.1667,,,,,,
485,20.2083,,,,,,
486,20.25,,,,,,
487,20.2917,,,,,,
488,20.3333,,,,,,
489,20.375,,,,,,
490,20.4167,,,,,,
491,20.4583,,,,,,
492,20.5,,,,,,
493,20.5417,,,,,,
494,20.5833,,,,,,
495,20.625,,,,,,
496,20.6667,,,,,,
497,20.7083,,,,,,
498,20.75,,,,,,
499,20.7917,,,,,,
500,20.8333,,,,,,
501,20.875,,,,,,
502,20.9167,,,,,,
503,20.9583,,,,,,
504,21.0,,,,,,
505,21.0417,,,,,,
506,21.0833,,,,,,
507,21.125,,,,,,
508,21.1667,,,,,,
509,21.2083,,,,,,
510,21.25,,,,,,
511,21.2917,,,,,,
512,21.3333,0.5,118.9,105.1,454.1,0.1456,1
513,21.375,,,,,,
514,21.4167,,,,,,
515,21.4583,0.3,118.3,112.5,449.2,0.1167,1
516,21.5,,,,,,
517,21.5417,,,,,,
518,21.5833,,,,,,
519,21.625,,,,,,
520,21.6667,,,,,,
521,21.7083,,,,,,
522,21.75,,,,,,
523,21.7917,,,,,,
524,21.8333,,,,,,
525,21.875,,,,,,
526,21.9167,,,,,,
527,21.9583,,,,,,
528,22.0,,,,,,
529,22.0417,,,,,,
530,22.0833,,,,,,
531,22.125,,,,,,
532,22.1667,,,,,,
533,22.2083,,,,,,
534,22.25,,,,,,
535,22.2917,,,,,,
536,22.3333,,,,,,
537,22.375,,,,,,
538,22.4167,,,,,,
539,22.4583,,,,,,
540,22.5,,,,,,
541,22.5417,,,,,,
542,22.5833,,,,,,
543,22.625,,,,,,
544,22.6667,,,,,,
545,22.7083,,,,,,
546,22.75,,,,,,
547,22.7917,,,,,,
548,22.8333,,,,,,
549,22.875,,,,,,
550,22.9167,,,,,,
551,22.9583,,,,,,
552,23.0,,,,,,
553,23.0417,,,,,,
554,23.0833,,,,,,
555,23.125,,,,,,
556,23.1667,,,,,,
557,23.2083,,,,,,
558,23.25,,,,,,
559,23.2917,,,,,,
560,23.3333,,,,,,
561,23.375,,,,,,
562,23.4167,,,,,,
563,23.4583,,,,,,
564,23.5,,,,,,
565,23.5417,,,,,,
566,23.5833,,,,,,
567,23.625,,,,,,
568,23.6667,,,,,,
569,23.7083,,,,,,
570,23.75,,,,,,
571,23.7917,,,,,,
572,23.8333,,,,,,
573,23.875,,,,,,
574,23.9167,,,,,,
575,23.9583,,,,,,
576,24.0,,,,,,
577,24.0417,,,,,,
578,24.0833,,,,,,
579,24.125,,,,,,
580,24.1667,,,,,,
581,24.2083,,,,,,
582,24.25,,,,,,
583,24.2917,,,,,,
584,24.3333,,,,,,
585,24.375,,,,,,
586,24.4167,,,,,,
587,24.4583,,,,,,
588,24.5,,,,,,
589,24.5417,,,,,,
590,24.5833,,,,,,
591,24.625,,,,,,
592,24.6667,,,,,,
593,24.7083,,,,,,
594,24.75,,,,,,
595,24.7917,,,,,,
596,24.8333,,,,,,
597,24.875,,,,,,
598,24.9167,,,,,,
599,24.9583,,,,,,
600,25.0,,,,,,
601,25.0417,,,,,,
602,25.0833,,,,,,
603,25.125,,,,,,
604,25.1667,,,,,,
605,25.2083,,,,,,
606,25.25,,,,,,
607,25.2917,,,,,,
608,25.3333,,,,,,
609,25.375,,,,,,
610,25.4167,,,,,,
611,25.4583,,,,,,
612,25.5,,,,,,
613,25.5417,,,,,,
614,25.5833,,,,,,
615,25.625,,,,,,
616,25.6667,,,,,,
617,25.7083,,,,,,
618,25.75,,,,,,
619,25.7917,,,,,,
620,25.8333,,,,,,
621,25.875,,,,,,
622,25.9167,,,,,,
623,25.9583,,,,,,
624,26.0,,,,,,
625,26.0417,,,,,,
626,26.0833,,,,,,
627,26.125,,,,,,
628,26.1667,,,,,,
629,26.2083,,,,,,
630,26.25,,,,,,
631,26.2917,,,,,,
632,26.3333,,,,,,
633,26.375,,,,,,
634,26.4167,,,,,,
635,26.4583,,,,,,
636,26.5,,,,,,
637,26.5417,,,,,,
638,26.5833,,,,,,
639,26.625,,,,,,
640,26.6667,,,,,,
641,26.7083,,,,,,
642,26.75,,,,,,
643,26.7917,,,,,,
644,26.8333,,,,,,
645,26.875,,,,,,
646,26.9167,,,,,,
647,26.9583,,,,,,
648,27.0,,,,,,
649,27.0417,,,,,,
650,27.0833,,,,,,
651,27.125,,,,,,
652,27.1667,,,,,,
653,27.2083,,,,,,
654,27.25,,,,,,
655,27.2917,,,,,,
656,27.3333,,,,,,
657,27.375,,,,,,
658,27.4167,,,,,,
659,27.4583,,,,,,
660,27.5,,,,,,
661,27.5417,,,,,,
662,27.5833,,,,,,
663,27.625,,,,,,
664,27.6667,,,,,,
665,27.7083,,,,,,
666,27.75,,,,,,
667,27.7917,,,,,,
668,27.8333,,,,,,
669,27.875,,,,,,
670,27.9167,,,,,,
671,27.9583,,,,,,
672,28.0,,,,,,
673,28.0417,,,,,,
674,28.0833,,,,,,
675,28.125,,,,,,
676,28.1667,,,,,,
677,28.2083,,,,,,
678,28.25,,,,,,
679,28.2917,,,,,,
680,28.3333,,,,,,
681,28.375,,,,,,
682,28.4167,,,,,,
683,28.4583,,,,,,
684,28.5,,,,,,
685,28.5417,,,,,,
686,28.5833,,,,,,
687,28.625,,,,,,
688,28.6667,,,,,,
689,28.7083,,,,,,
690,28.75,,,,,,
691,28.7917,,,,,,
692,28.8333,,,,,,
693,28.875,,,,,,
694,28.9167,,,,,,
695,28.9583,,,,,,
696,29.0,,,,,,
697,29.0417,,,,,,
698,29.0833,,,,,,
699,29.125,,,,,,
700,29.1667,,,,,,
701,29.2083,,,,,,
702,29.25,,,,,,
703,29.2917,,,,,,
704,29.3333,,,,,,
705,29.375,,,,,,
706,29.4167,,,,,,
707,29.4583,,,,,,
708,29.5,,,,,,
709,29.5417,,,,,,
710,29.5833,,,,,,
711,29.625,,,,,,
712,29.6667,,,,,,
713,29.7083,,,,,,
714,29.75,,,,,,
715,29.7917,,,,,,
716,29.8333,,,,,,
717,29.875,,,,,,
718,29.9167,,,,,,
719,29.9583,,,,,,
720,30.0,,,,,,
721,30.0417,,,,,,
722,30.0833,,,,,,
723,30.125,,,,,,
724,30.1667,,,,,,
725,30.2083,,,,,,
726,30.25,,,,,,
727,30.2917,,,,,,
728,30.3333,,,,,,
729,30.375,,,,,,
730,30.4167,,,,,,
731,30.4583,,,,,,
732,30.5,,,,,,
733,30.5417,,,,,,
734,30.5833,,,,,,
735,30.625,,,,,,
736,30.6667,,,,,,
737,30.7083,,,,,,
738,30.75,,,,,,
739,30.7917,,,,,,
740,30.8333,,,,,,
741,30.875,,,,,,
742,30.9167,,,,,,
743,30.9583,,,,,,
744,31.0,,,,,,
745,31.0417,,,,,,
746,31.0833,,,,,,
747,31.125,,,,,,
748,31.1667,,,,,,
749,31.2083,,,,,,
750,31.25,,,,,,
751,31.2917,,,,,,
752,31.3333,,,,,,
753,31.375,,,,,,
754,31.4167,,,,,,
755,31.4583,,,,,,
756,31.5,,,,,,
757,31.5417,,,,,,
758,31.5833,,,,,,
759,31.625,,,,,,
760,31.6667,,,,,,
761,31.7083,,,,,,
762,31.75,,,,,,
763,31.7917,,,,,,
764,31.8333,,,,,,
765,31.875,,,,,,
766,31.9167,,,,,,
767,31.9583,,,,,,
768,32.0,,,,,,
769,32.0417,,,,,,
770,32.0833,,,,,,
771,32.125,,,,,,
772,32.1667,,,,,,
773,32.2083,,,,,,
774,32.25,,,,,,
775,32.2917,,,,,,
776,32.3333,,,,,,
777,32.375,,,,,,
778,32.4167,,,,,,
779,32.4583,,,,,,
780,32.5,,,,,,
781,32.5417,,,,,,
782,32.5833,,,,,,
783,32.625,,,,,,
784,32.6667,,,,,,
785,32.7083,,,,,,
786,32.75,,,,,,
787,32.7917,,,,,,
788,32.8333,,,,,,
789,32.875,,,,,,
790,32.9167,,,,,,
791,32.9583,,,,,,
792,33.0,,,,,,
793,33.0417,,,,,,
794,33.0833,,,,,,
795,33.125,,,,,,
796,33.1667,,,,,,
797,33.2083,,,,,,
798,33.25,,,,,,
799,33.2917,,,,,,
800,33.3333,,,,,,
801,33.375,,,,,,
802,33.4167,,,,,,
803,33.4583,,,,,,
804,33.5,,,,,,
805,33.5417,,,,,,
806,33.5833,,,,,,
807,33.625,,,,,,
808,33.6667,,,,,,
809,33.7083,,,,,,
810,33.75,,,,,,
811,33.7917,,,,,,
812,33.8333,,,,,,
813,33.875,,,,,,
814,33.9167,,,,,,
815,33.9583,,,,,,
816,34.0,,,,,,
817,34.0417,,,,,,
818,34.0833,,,,,,
819,34.125,,,,,,
820,34.1667,,,,,,
821,34.2083,,,,,,
822,34.25,,,,,,
823,34.2917,,,,,,
824,34.3333,,,,,,
825,34.375,,,,,,
826,34.4167,,,,,,
827,34.4583,,,,,,
828,34.5,,,,,,
829,34.5417,,,,,,
830,34.5833,,,,,,
831,34.625,,,,,,
832,34.6667,,,,,,
833,34.7083,,,,,,
834,34.75,,,,,,
835,34.7917,,,,,,
836,34.8333,,,,,,
837,34.875,,,,,,
838,34.9167,,,,,,
839,34.9583,,,,,,
840,35.0,,,,,,
841,35.0417,,,,,,
842,35.0833,,,,,,
843,35.125,,,,,,
844,35.1667,,,,,,
845,35.2083,,,,,,
846,35.25,,,,,,
847,35.2917,,,,,,
848,35.3333,,,,,,
849,35.375,,,,,,
850,35.4167,,,,,,
851,35.4583,,,,,,
852,35.5,,,,,,
853,35.5417,,,,,,
854,35.5833,,,,,,
855,35.625,,,,,,
856,35.6667,,,,,,
857,35.7083,,,,,,
858,35.75,,,,,,
859,35.7917,526.1,432.3,563.3,454.5,0.1556,0
860,35.8333,,,,,,
861,35.875,,,,,,
862,35.9167,,,,,,
863,35.9583,,,,,,
864,36.0,,,,,,
865,36.0417,,,,,,
866,36.0833,195.9,23.0,256.4,91.6,0.1566,1
866,36.0833,165.1,18.8,256.5,91.3,0.1076,1
867,36.125,174.3,20.0,255.8,89.2,0.2409,1
867,36.125,165.7,17.3,255.8,88.7,0.1575,1
867,36.125,343.6,134.0,638.3,421.5,0.1073,1
868,36.1667,171.2,16.6,256.1,89.1,0.1263,1
868,36.1667,165.5,15.1,255.0,88.8,0.1209,1
869,36.2083,,,,,,
870,36.25,193.9,17.1,257.3,88.8,0.2431,1
871,36.2917,165.0,14.6,256.5,87.3,0.1668,1
871,36.2917,169.7,15.7,257.8,87.8,0.1378,1
872,36.3333,171.2,16.7,257.6,87.4,0.1801,1
873,36.375,,,,,,
874,36.4167,,,,,,
875,36.4583,,,,,,
876,36.5,518.3,412.1,555.9,433.2,0.1103,0
877,36.5417,518.4,411.1,558.2,432.7,0.1064,0
878,36.5833,518.6,409.4,555.4,431.1,0.1687,0
879,36.625,517.6,408.3,555.9,431.0,0.1423,0
880,36.6667,,,,,,
881,36.7083,,,,,,
882,36.75,513.1,403.9,551.1,427.5,0.1527,0
883,36.7917,514.4,401.9,551.3,427.2,0.1638,0
884,36.8333,515.3,401.1,551.7,426.4,0.1115,0
885,36.875,514.6,400.6,549.4,426.2,0.1344,0
886,36.9167,513.8,399.4,549.5,424.5,0.2195,0
887,36.9583,513.1,398.8,550.0,423.6,0.1098,0
888,37.0,512.7,399.3,548.4,422.9,0.1004,0
889,37.0417,,,,,,
890,37.0833,509.8,396.2,546.1,417.5,0.1181,0
891,37.125,511.5,395.4,545.2,416.6,0.2039,0
892,37.1667,510.4,394.5,545.3,414.4,0.2388,0
893,37.2083,511.2,393.0,545.7,415.2,0.2278,0
894,37.25,512.4,391.0,547.5,415.6,0.3252,0
895,37.2917,511.9,390.8,545.7,415.1,0.2488,0
896,37.3333,511.2,390.3,544.3,414.8,0.2051,0
897,37.375,511.3,389.3,543.8,414.2,0.1569,0
898,37.4167,510.4,386.7,543.6,412.8,0.3602,0
899,37.4583,509.3,386.4,543.6,411.8,0.2211,0
900,37.5,509.5,385.6,545.5,411.8,0.2752,0
901,37.5417,507.5,384.6,544.1,409.3,0.1652,0
902,37.5833,508.6,383.7,542.9,408.9,0.352,0
903,37.625,506.9,383.4,544.2,407.4,0.1128,0
904,37.6667,507.4,382.4,543.2,405.4,0.1179,0
905,37.7083,,,,,,
906,37.75,505.8,379.9,542.0,401.3,0.2065,0
907,37.7917,504.6,378.9,540.7,398.5,0.1526,0
908,37.8333,505.3,377.4,540.5,398.0,0.2506,0
909,37.875,503.5,376.0,539.3,398.2,0.1597,0
910,37.9167,505.0,375.2,539.3,398.6,0.1192,0
911,37.9583,,,,,,
912,38.0,,,,,,
913,38.0417,,,,,,
914,38.0833,503.1,371.7,537.9,393.5,0.1902,0
915,38.125,,,,,,
916,38.1667,,,,,,
917,38.2083,502.4,367.9,537.8,390.9,0.2179,0
918,38.25,502.9,367.5,539.6,390.0,0.2111,0
919,38.2917,,,,,,
920,38.3333,,,,,,
921,38.375,,,,,,
922,38.4167,499.0,365.2,532.4,384.6,0.1079,0
923,38.4583,500.0,362.4,533.3,385.1,0.2808,0
924,38.5,499.0,362.0,530.0,382.8,0.2558,0
925,38.5417,499.4,361.8,529.8,382.3,0.2126,0
926,38.5833,499.4,360.7,530.5,380.6,0.3931,0
927,38.625,499.2,359.4,530.7,380.9,0.2089,0
928,38.6667,497.9,359.7,531.0,381.6,0.2316,0
929,38.7083,,,,,,
930,38.75,,,,,,
931,38.7917,,,,,,
932,38.8333,496.1,355.1,527.8,375.4,0.1176,0
933,38.875,494.6,354.3,526.1,374.8,0.1503,0
934,38.9167,493.7,354.2,526.6,373.7,0.1439,0
935,38.9583,493.5,352.2,527.2,373.2,0.1022,0
936,39.0,,,,,,
937,39.0417,,,,,,
938,39.0833,,,,,,
939,39.125,,,,,,
940,39.1667,492.2,349.2,524.2,365.9,0.1084,0
941,39.2083,492.3,348.7,525.1,366.5,0.1203,0
942,39.25,490.6,348.0,522.9,366.4,0.1972,0
943,39.2917,489.6,346.0,523.1,365.8,0.102,0
944,39.3333,,,,,,
945,39.375,,,,,,
946,39.4167,488.8,343.7,522.7,366.0,0.1363,0
947,39.4583,,,,,,
948,39.5,422.9,415.4,530.2,480.0,0.1066,1
949,39.5417,,,,,,
950,39.5833,488.0,340.4,519.6,360.6,0.1505,0
950,39.5833,422.5,414.8,529.5,480.0,0.1052,1
951,39.625,422.5,413.0,530.2,480.0,0.1335,1
952,39.6667,487.5,338.7,516.0,358.5,0.1745,0
953,39.7083,486.9,338.1,516.4,357.7,0.217,0
954,39.75,486.4,337.4,516.6,357.2,0.237,0
955,39.7917,485.4,336.9,517.1,355.7,0.3001,0
956,39.8333,485.9,335.6,514.9,354.9,0.2545,0
957,39.875,,,,,,
958,39.9167,485.7,333.7,513.3,351.2,0.1351,0
959,39.9583,484.2,332.8,513.7,352.4,0.1562,0
960,40.0,485.5,331.3,512.3,350.4,0.3891,0
961,40.0417,484.2,330.6,512.7,350.5,0.2489,0
962,40.0833,484.3,330.8,511.6,350.3,0.2996,0
963,40.125,482.8,329.8,511.3,350.0,0.2518,0
964,40.1667,,,,,,
965,40.2083,482.8,328.4,511.9,348.6,0.2064,0
966,40.25,482.4,327.9,512.4,349.1,0.1937,0
967,40.2917,,,,,,
968,40.3333,,,,,,
969,40.375,,,,,,
970,40.4167,478.8,323.2,509.2,347.1,0.1523,0
971,40.4583,479.6,322.9,508.5,346.0,0.1715,0
972,40.5,478.8,323.1,508.6,344.8,0.1244,0
973,40.5417,478.6,321.8,508.8,344.4,0.1281,0
974,40.5833,,,,,,
975,40.625,,,,,,
976,40.6667,,,,,,
977,40.7083,477.7,320.0,507.2,342.3,0.1792,0
978,40.75,,,,,,
979,40.7917,477.2,318.2,508.5,335.8,0.1017,0
980,40.8333,476.2,317.7,505.9,335.1,0.1731,0
981,40.875,476.5,316.9,505.8,335.1,0.187,0
982,40.9167,476.7,317.0,505.7,333.7,0.1813,0
983,40.9583,,,,,,
984,41.0,,,,,,
985,41.0417,,,,,,
986,41.0833,,,,,,
987,41.125,,,,,,
988,41.1667,,,,,,
989,41.2083,,,,,,
990,41.25,,,,,,
991,41.2917,,,,,,
992,41.3333,,,,,,
993,41.375,,,,,,
994,41.4167,,,,,,
995,41.4583,,,,,,
996,41.5,,,,,,
997,41.5417,,,,,,
998,41.5833,,,,,,
999,41.625,,,,,,
1000,41.6667,,,,,,
1001,41.7083,,,,,,
1002,41.75,,,,,,
1003,41.7917,,,,,,
1004,41.8333,,,,,,
1005,41.875,,,,,,
1006,41.9167,,,,,,
1007,41.9583,,,,,,
1008,42.0,,,,,,
1009,42.0417,,,,,,
1010,42.0833,,,,,,
1011,42.125,,,,,,
1012,42.1667,,,,,,
1013,42.2083,,,,,,
1014,42.25,,,,,,
1015,42.2917,,,,,,
1016,42.3333,,,,,,
1017,42.375,,,,,,
1018,42.4167,,,,,,
1019,42.4583,,,,,,
1020,42.5,,,,,,
1021,42.5417,,,,,,
1022,42.5833,,,,,,
1023,42.625,,,,,,
1024,42.6667,,,,,,
1025,42.7083,,,,,,
1026,42.75,,,,,,
1027,42.7917,,,,,,
1028,42.8333,,,,,,
1029,42.875,,,,,,
1030,42.9167,,,,,,
1031,42.9583,,,,,,
1032,43.0,,,,,,
1033,43.0417,,,,,,
1034,43.0833,,,,,,
1035,43.125,,,,,,
1036,43.1667,,,,,,
1037,43.2083,,,,,,
1038,43.25,,,,,,
1039,43.2917,,,,,,
1040,43.3333,,,,,,
1041,43.375,,,,,,
1042,43.4167,,,,,,
1043,43.4583,,,,,,
1044,43.5,,,,,,
1045,43.5417,,,,,,
1046,43.5833,,,,,,
1047,43.625,,,,,,
1048,43.6667,,,,,,
1049,43.7083,,,,,,
1050,43.75,,,,,,
1051,43.7917,,,,,,
1052,43.8333,,,,,,
1053,43.875,,,,,,
1054,43.9167,,,,,,
1055,43.9583,,,,,,
1056,44.0,,,,,,
1057,44.0417,,,,,,
1058,44.0833,,,,,,
1059,44.125,,,,,,
1060,44.1667,,,,,,
1061,44.2083,,,,,,
1062,44.25,,,,,,
1063,44.2917,,,,,,
1064,44.3333,,,,,,
1065,44.375,,,,,,
1066,44.4167,,,,,,
1067,44.4583,,,,,,
1068,44.5,,,,,,
1069,44.5417,,,,,,
1070,44.5833,,,,,,
1071,44.625,,,,,,
1072,44.6667,,,,,,
1073,44.7083,,,,,,
1074,44.75,,,,,,
1075,44.7917,,,,,,
1076,44.8333,,,,,,
1077,44.875,,,,,,
1078,44.9167,,,,,,
1079,44.9583,,,,,,
1080,45.0,,,,,,
1081,45.0417,,,,,,
1082,45.0833,,,,,,
1083,45.125,,,,,,
1084,45.1667,,,,,,
1085,45.2083,,,,,,
1086,45.25,,,,,,
1087,45.2917,,,,,,
1088,45.3333,,,,,,
1089,45.375,,,,,,
1090,45.4167,,,,,,
1091,45.4583,,,,,,
1092,45.5,,,,,,
1093,45.5417,,,,,,
1094,45.5833,,,,,,
1095,45.625,,,,,,
1096,45.6667,,,,,,
1097,45.7083,,,,,,
1098,45.75,,,,,,
1099,45.7917,,,,,,
1100,45.8333,,,,,,
1101,45.875,,,,,,
1102,45.9167,,,,,,
1103,45.9583,,,,,,
1104,46.0,,,,,,
1105,46.0417,,,,,,
1106,46.0833,,,,,,
1107,46.125,,,,,,
1108,46.1667,,,,,,
1109,46.2083,,,,,,
1110,46.25,,,,,,
1111,46.2917,,,,,,
1112,46.3333,,,,,,
1113,46.375,,,,,,
1114,46.4167,,,,,,
1115,46.4583,,,,,,
1116,46.5,,,,,,
1117,46.5417,,,,,,
1118,46.5833,,,,,,
1119,46.625,,,,,,
1120,46.6667,,,,,,
1121,46.7083,,,,,,
1122,46.75,,,,,,
1123,46.7917,,,,,,
1124,46.8333,,,,,,
1125,46.875,,,,,,
1126,46.9167,,,,,,
1127,46.9583,,,,,,
1128,47.0,,,,,,
1129,47.0417,,,,,,
1130,47.0833,,,,,,
1131,47.125,,,,,,
1132,47.1667,,,,,,
1133,47.2083,,,,,,
1134,47.25,,,,,,
1135,47.2917,,,,,,
1136,47.3333,,,,,,
1137,47.375,,,,,,
1138,47.4167,,,,,,
1139,47.4583,,,,,,
1140,47.5,,,,,,
1141,47.5417,,,,,,
1142,47.5833,,,,,,
1143,47.625,,,,,,
1144,47.6667,,,,,,
1145,47.7083,,,,,,
1146,47.75,,,,,,
1147,47.7917,,,,,,
1148,47.8333,,,,,,
1149,47.875,,,,,,
1150,47.9167,,,,,,
1151,47.9583,,,,,,
1152,48.0,,,,,,
1153,48.0417,,,,,,
1154,48.0833,,,,,,
1155,48.125,,,,,,
1156,48.1667,,,,,,
1157,48.2083,,,,,,
1158,48.25,,,,,,
1159,48.2917,,,,,,
1160,48.3333,,,,,,
1161,48.375,,,,,,
1162,48.4167,,,,,,
1163,48.4583,,,,,,
1164,48.5,,,,,,
1165,48.5417,,,,,,
1166,48.5833,,,,,,
1167,48.625,,,,,,
1168,48.6667,,,,,,
1169,48.7083,,,,,,
1170,48.75,,,,,,
1171,48.7917,,,,,,
1172,48.8333,,,,,,
1173,48.875,,,,,,
1174,48.9167,,,,,,
1175,48.9583,,,,,,
1176,49.0,,,,,,
1177,49.0417,,,,,,
1178,49.0833,,,,,,
1179,49.125,,,,,,
1180,49.1667,,,,,,
1181,49.2083,,,,,,
1182,49.25,,,,,,
1183,49.2917,,,,,,
1184,49.3333,,,,,,
1185,49.375,,,,,,
1186,49.4167,,,,,,
1187,49.4583,,,,,,
1188,49.5,,,,,,
1189,49.5417,,,,,,
1190,49.5833,,,,,,
1191,49.625,,,,,,
1192,49.6667,,,,,,
1193,49.7083,,,,,,
1194,49.75,,,,,,
1195,49.7917,,,,,,
1196,49.8333,,,,,,
1197,49.875,,,,,,
1198,49.9167,,,,,,
1199,49.9583,,,,,,
1200,50.0,,,,,,
1201,50.0417,493.7,381.5,550.2,423.5,0.1666,1
1202,50.0833,512.6,331.3,638.8,452.2,0.2036,1
1203,50.125,526.3,329.1,640.0,446.2,0.2105,1
1204,50.1667,534.5,340.1,639.3,443.3,0.1557,1
1205,50.2083,,,,,,
1206,50.25,,,,,,
1207,50.2917,,,,,,
1208,50.3333,,,,,,
1209,50.375,,,,,,
1210,50.4167,,,,,,
1211,50.4583,,,,,,
1212,50.5,,,,,,
1213,50.5417,,,,,,
1214,50.5833,,,,,,
1215,50.625,,,,,,
1216,50.6667,,,,,,
1217,50.7083,,,,,,
1218,50.75,,,,,,
1219,50.7917,,,,,,
1220,50.8333,,,,,,
1221,50.875,,,,,,
1222,50.9167,,,,,,
1223,50.9583,,,,,,
1224,51.0,,,,,,
1225,51.0417,,,,,,
1226,51.0833,,,,,,
1227,51.125,,,,,,
1228,51.1667,,,,,,
1229,51.2083,,,,,,
1230,51.25,,,,,,
1231,51.2917,,,,,,
1232,51.3333,,,,,,
1233,51.375,,,,,,
1234,51.4167,,,,,,
1235,51.4583,,,,,,
1236,51.5,,,,,,
1237,51.5417,,,,,,
1238,51.5833,,,,,,
1239,51.625,,,,,,
1240,51.6667,,,,,,
1241,51.7083,,,,,,
1242,51.75,,,,,,
1243,51.7917,,,,,,
1244,51.8333,,,,,,
1245,51.875,,,,,,
1246,51.9167,,,,,,
1247,51.9583,,,,,,
1248,52.0,,,,,,
1249,52.0417,,,,,,
1250,52.0833,,,,,,
1251,52.125,,,,,,
1252,52.1667,,,,,,
1253,52.2083,,,,,,
1254,52.25,,,,,,
1255,52.2917,,,,,,
1256,52.3333,,,,,,
1257,52.375,,,,,,
1258,52.4167,,,,,,
1259,52.4583,,,,,,
1260,52.5,,,,,,
1261,52.5417,,,,,,
1262,52.5833,,,,,,
1263,52.625,,,,,,
1264,52.6667,,,,,,
1265,52.7083,,,,,,
1266,52.75,,,,,,
1267,52.7917,,,,,,
1268,52.8333,480.4,253.7,638.7,403.5,0.431,1
1269,52.875,487.7,257.3,639.7,405.8,0.4349,1
1270,52.9167,,,,,,
1271,52.9583,,,,,,
1272,53.0,,,,,,
1273,53.0417,,,,,,
1274,53.0833,,,,,,
1275,53.125,,,,,,
1276,53.1667,,,,,,
1277,53.2083,,,,,,
1278,53.25,,,,,,
1279,53.2917,,,,,,
1280,53.3333,,,,,,
1281,53.375,,,,,,
1282,53.4167,,,,,,
1283,53.4583,,,,,,
1284,53.5,,,,,,
1285,53.5417,,,,,,
1286,53.5833,,,,,,
1287,53.625,,,,,,
1288,53.6667,,,,,,
1289,53.7083,,,,,,
1290,53.75,,,,,,
1291,53.7917,,,,,,
1292,53.8333,,,,,,
1293,53.875,,,,,,
1294,53.9167,,,,,,
1295,53.9583,,,,,,
1296,54.0,,,,,,
1297,54.0417,,,,,,
1298,54.0833,,,,,,
1299,54.125,,,,,,
1300,54.1667,,,,,,
1301,54.2083,,,,,,
1302,54.25,420.3,362.7,487.7,435.9,0.2373,1
1303,54.2917,424.0,361.2,496.5,437.9,0.2894,1
1304,54.3333,440.4,365.8,527.4,442.9,0.2055,1
1304,54.3333,544.6,236.1,639.8,475.7,0.1844,1
1305,54.375,457.5,345.7,559.5,453.1,0.262,1
1306,54.4167,467.6,288.4,578.4,456.0,0.1784,1
1307,54.4583,485.3,281.0,631.7,468.0,0.493,1
1308,54.5,504.6,259.8,639.9,477.2,0.4663,1
1309,54.5417,,,,,,
1310,54.5833,,,,,,
1311,54.625,,,,,,
1312,54.6667,,,,,,
1313,54.7083,,,,,,
1314,54.75,,,,,,
1315,54.7917,,,,,,
1316,54.8333,,,,,,
1317,54.875,,,,,,
1318,54.9167,,,,,,
1319,54.9583,,,,,,
1320,55.0,,,,,,
1321,55.0417,,,,,,
1322,55.0833,,,,,,
1323,55.125,,,,,,
1324,55.1667,,,,,,
1325,55.2083,,,,,,
1326,55.25,,,,,,
1327,55.2917,,,,,,
1328,55.3333,,,,,,
1329,55.375,,,,,,
1330,55.4167,,,,,,
1331,55.4583,,,,,,
1332,55.5,,,,,,
1333,55.5417,,,,,,
1334,55.5833,,,,,,
1335,55.625,,,,,,
1336,55.6667,,,,,,
1337,55.7083,,,,,,
1338,55.75,,,,,,
1339,55.7917,,,,,,
1340,55.8333,,,,,,
1341,55.875,,,,,,
1342,55.9167,465.5,329.9,507.9,378.6,0.2367,1
1343,55.9583,,,,,,
1344,56.0,,,,,,
1345,56.0417,493.1,312.2,551.3,370.3,0.1696,1
1346,56.0833,,,,,,
1347,56.125,,,,,,
1348,56.1667,,,,,,
1349,56.2083,541.8,283.0,637.6,397.6,0.2358,1
1350,56.25,,,,,,
1351,56.2917,,,,,,
1352,56.3333,,,,,,
1353,56.375,,,,,,
1354,56.4167,,,,,,
1355,56.4583,,,,,,
1356,56.5,,,,,,
1357,56.5417,,,,,,
1358,56.5833,,,,,,
1359,56.625,,,,,,
1360,56.6667,,,,,,
1361,56.7083,,,,,,
1362,56.75,,,,,,
1363,56.7917,,,,,,
1364,56.8333,,,,,,
1365,56.875,,,,,,
1366,56.9167,,,,,,
1367,56.9583,,,,,,
1368,57.0,,,,,,
1369,57.0417,,,,,,
1370,57.0833,,,,,,
1371,57.125,,,,,,
1372,57.1667,,,,,,
1373,57.2083,,,,,,
1374,57.25,,,,,,
1375,57.2917,,,,,,
1376,57.3333,,,,,,
1377,57.375,,,,,,
1378,57.4167,,,,,,
1379,57.4583,,,,,,
1380,57.5,,,,,,
1381,57.5417,,,,,,
1382,57.5833,,,,,,
1383,57.625,,,,,,
1384,57.6667,,,,,,
1385,57.7083,,,,,,
1386,57.75,,,,,,
1387,57.7917,,,,,,
1388,57.8333,,,,,,
1389,57.875,,,,,,
1390,57.9167,,,,,,
1391,57.9583,,,,,,
1392,58.0,,,,,,
1393,58.0417,,,,,,
1394,58.0833,,,,,,
1395,58.125,,,,,,
1396,58.1667,473.3,301.1,500.6,345.2,0.2805,1
1397,58.2083,479.0,299.3,506.1,343.8,0.12,1
1398,58.25,,,,,,
1399,58.2917,,,,,,
1400,58.3333,,,,,,
1401,58.375,,,,,,
1402,58.4167,,,,,,
1403,58.4583,,,,,,
1404,58.5,,,,,,
1405,58.5417,,,,,,
1406,58.5833,,,,,,
1407,58.625,,,,,,
1408,58.6667,,,,,,
1409,58.7083,,,,,,
1410,58.75,,,,,,
1411,58.7917,,,,,,
1412,58.8333,,,,,,
1413,58.875,,,,,,
1414,58.9167,,,,,,
1415,58.9583,,,,,,
1416,59.0,,,,,,
1417,59.0417,,,,,,
1418,59.0833,,,,,,
1419,59.125,,,,,,
1420,59.1667,,,,,,
1421,59.2083,,,,,,
1422,59.25,,,,,,
1423,59.2917,,,,,,
1424,59.3333,,,,,,
1425,59.375,,,,,,
1426,59.4167,,,,,,
1427,59.4583,,,,,,
1428,59.5,,,,,,
1429,59.5417,,,,,,
1430,59.5833,,,,,,
1431,59.625,,,,,,
1432,59.6667,,,,,,
1433,59.7083,,,,,,
1434,59.75,,,,,,
1435,59.7917,,,,,,
1436,59.8333,,,,,,
1437,59.875,,,,,,
1438,59.9167,,,,,,
1439,59.9583,,,,,,
1440,60.0,,,,,,
1441,60.0417,,,,,,
1442,60.0833,,,,,,
1443,60.125,,,,,,
1444,60.1667,,,,,,
1445,60.2083,,,,,,
1446,60.25,,,,,,
1447,60.2917,,,,,,
1448,60.3333,,,,,,
1449,60.375,,,,,,
1450,60.4167,,,,,,
1451,60.4583,,,,,,
1452,60.5,,,,,,
1453,60.5417,,,,,,
1454,60.5833,,,,,,
1455,60.625,,,,,,
1456,60.6667,,,,,,
1457,60.7083,,,,,,
1458,60.75,,,,,,
1459,60.7917,,,,,,
1460,60.8333,,,,,,
1461,60.875,,,,,,
1462,60.9167,,,,,,
1463,60.9583,,,,,,
1464,61.0,,,,,,
1465,61.0417,,,,,,
1466,61.0833,,,,,,
1467,61.125,,,,,,
1468,61.1667,,,,,,
1469,61.2083,,,,,,
1470,61.25,,,,,,
1471,61.2917,,,,,,
1472,61.3333,,,,,,
1473,61.375,,,,,,
1474,61.4167,,,,,,
1475,61.4583,,,,,,
1476,61.5,,,,,,
1477,61.5417,,,,,,
1478,61.5833,,,,,,
1479,61.625,,,,,,
1480,61.6667,,,,,,
1481,61.7083,,,,,,
1482,61.75,,,,,,
1483,61.7917,,,,,,
1484,61.8333,,,,,,
1485,61.875,,,,,,
1486,61.9167,,,,,,
1487,61.9583,,,,,,
1488,62.0,,,,,,
1489,62.0417,,,,,,
1490,62.0833,,,,,,
1491,62.125,,,,,,
1492,62.1667,,,,,,
1493,62.2083,,,,,,
1494,62.25,,,,,,
1495,62.2917,,,,,,
1496,62.3333,,,,,,
1497,62.375,,,,,,
1498,62.4167,,,,,,
1499,62.4583,,,,,,
1500,62.5,,,,,,
1501,62.5417,,,,,,
1502,62.5833,,,,,,
1503,62.625,,,,,,
1504,62.6667,,,,,,
1505,62.7083,,,,,,
1506,62.75,,,,,,
1507,62.7917,,,,,,
1508,62.8333,,,,,,
1509,62.875,,,,,,
1510,62.9167,,,,,,
1511,62.9583,,,,,,
1512,63.0,,,,,,
1513,63.0417,,,,,,
1514,63.0833,,,,,,
1515,63.125,,,,,,
1516,63.1667,,,,,,
1517,63.2083,,,,,,
1518,63.25,,,,,,
1519,63.2917,,,,,,
1520,63.3333,,,,,,
1521,63.375,,,,,,
1522,63.4167,,,,,,
1523,63.4583,,,,,,
1524,63.5,,,,,,
1525,63.5417,,,,,,
1526,63.5833,,,,,,
1527,63.625,,,,,,
1528,63.6667,,,,,,
1529,63.7083,,,,,,
1530,63.75,,,,,,
1531,63.7917,,,,,,
1532,63.8333,,,,,,
1533,63.875,,,,,,
1534,63.9167,,,,,,
1535,63.9583,,,,,,
1536,64.0,,,,,,
1537,64.0417,,,,,,
1538,64.0833,,,,,,
1539,64.125,,,,,,
1540,64.1667,,,,,,
1541,64.2083,,,,,,
1542,64.25,,,,,,
1543,64.2917,,,,,,
1544,64.3333,,,,,,
1545,64.375,,,,,,
1546,64.4167,,,,,,
1547,64.4583,,,,,,
1548,64.5,,,,,,
1549,64.5417,,,,,,
1550,64.5833,,,,,,
1551,64.625,,,,,,
1552,64.6667,,,,,,
1553,64.7083,,,,,,
1554,64.75,,,,,,
1555,64.7917,,,,,,
1556,64.8333,,,,,,
1557,64.875,,,,,,
1558,64.9167,,,,,,
1559,64.9583,,,,,,
1560,65.0,,,,,,
1561,65.0417,,,,,,
1562,65.0833,,,,,,
1563,65.125,,,,,,
1564,65.1667,,,,,,
1565,65.2083,,,,,,
1566,65.25,,,,,,
1567,65.2917,,,,,,
1568,65.3333,,,,,,
1569,65.375,,,,,,
1570,65.4167,,,,,,
1571,65.4583,,,,,,
1572,65.5,,,,,,
1573,65.5417,,,,,,
1574,65.5833,,,,,,
1575,65.625,,,,,,
1576,65.6667,,,,,,
1577,65.7083,,,,,,
1578,65.75,,,,,,
1579,65.7917,,,,,,
1580,65.8333,,,,,,
1581,65.875,,,,,,
1582,65.9167,,,,,,
1583,65.9583,,,,,,
1584,66.0,,,,,,
1585,66.0417,,,,,,
1586,66.0833,,,,,,
1587,66.125,,,,,,
1588,66.1667,,,,,,
1589,66.2083,,,,,,
1590,66.25,,,,,,
1591,66.2917,,,,,,
1592,66.3333,,,,,,
1593,66.375,,,,,,
1594,66.4167,,,,,,
1595,66.4583,,,,,,
1596,66.5,,,,,,
1597,66.5417,,,,,,
1598,66.5833,,,,,,
1599,66.625,,,,,,
1600,66.6667,,,,,,
1601,66.7083,,,,,,
1602,66.75,,,,,,
1603,66.7917,,,,,,
1604,66.8333,,,,,,
1605,66.875,,,,,,
1606,66.9167,,,,,,
1607,66.9583,,,,,,
1608,67.0,,,,,,
1609,67.0417,,,,,,
1610,67.0833,,,,,,
1611,67.125,,,,,,
1612,67.1667,,,,,,
1613,67.2083,,,,,,
1614,67.25,,,,,,
1615,67.2917,,,,,,
1616,67.3333,,,,,,
1617,67.375,,,,,,
1618,67.4167,,,,,,
1619,67.4583,,,,,,
1620,67.5,,,,,,
1621,67.5417,,,,,,
1622,67.5833,,,,,,
1623,67.625,,,,,,
1624,67.6667,,,,,,
1625,67.7083,,,,,,
1626,67.75,,,,,,
1627,67.7917,,,,,,
1628,67.8333,,,,,,
1629,67.875,,,,,,
1630,67.9167,,,,,,
1631,67.9583,,,,,,
1632,68.0,,,,,,
1633,68.0417,,,,,,
1634,68.0833,,,,,,
1635,68.125,,,,,,
1636,68.1667,,,,,,
1637,68.2083,,,,,,
1638,68.25,,,,,,
1639,68.2917,,,,,,
1640,68.3333,,,,,,
1641,68.375,,,,,,
1642,68.4167,531.4,22.6,640.0,341.1,0.1601,1
1643,68.4583,,,,,,
1644,68.5,,,,,,
1645,68.5417,,,,,,
1646,68.5833,,,,,,
1647,68.625,,,,,,
1648,68.6667,,,,,,
1649,68.7083,537.8,0.0,640.0,327.9,0.2813,1
1650,68.75,556.8,0.0,640.0,325.6,0.3879,1
1651,68.7917,568.0,0.0,639.8,326.6,0.3316,1
1652,68.8333,588.2,33.7,640.0,336.2,0.1061,1
1653,68.875,,,,,,
1654,68.9167,,,,,,
1655,68.9583,,,,,,
1656,69.0,,,,,,
1657,69.0417,,,,,,
1658,69.0833,,,,,,
1659,69.125,,,,,,
1660,69.1667,,,,,,
1661,69.2083,,,,,,
1662,69.25,,,,,,
1663,69.2917,,,,,,
1664,69.3333,,,,,,
1665,69.375,,,,,,
1666,69.4167,,,,,,
1667,69.4583,,,,,,
1668,69.5,,,,,,
1669,69.5417,,,,,,
1670,69.5833,,,,,,
1671,69.625,,,,,,
1672,69.6667,,,,,,
1673,69.7083,,,,,,
1674,69.75,,,,,,
1675,69.7917,,,,,,
1676,69.8333,,,,,,
1677,69.875,,,,,,
1678,69.9167,,,,,,
1679,69.9583,,,,,,
1680,70.0,,,,,,
1681,70.0417,,,,,,
1682,70.0833,,,,,,
1683,70.125,,,,,,
1684,70.1667,,,,,,
1685,70.2083,,,,,,
1686,70.25,,,,,,
1687,70.2917,,,,,,
1688,70.3333,,,,,,
1689,70.375,,,,,,
1690,70.4167,,,,,,
1691,70.4583,,,,,,
1692,70.5,,,,,,
1693,70.5417,,,,,,
1694,70.5833,,,,,,
1695,70.625,,,,,,
1696,70.6667,,,,,,
1697,70.7083,,,,,,
1698,70.75,,,,,,
1699,70.7917,,,,,,
1700,70.8333,,,,,,
1701,70.875,,,,,,
1702,70.9167,,,,,,
1703,70.9583,,,,,,
1704,71.0,,,,,,
1705,71.0417,,,,,,
1706,71.0833,,,,,,
1707,71.125,,,,,,
1708,71.1667,,,,,,
1709,71.2083,,,,,,
1710,71.25,,,,,,
1711,71.2917,,,,,,
1712,71.3333,,,,,,
1713,71.375,,,,,,
1714,71.4167,,,,,,
1715,71.4583,,,,,,
1716,71.5,,,,,,
1717,71.5417,,,,,,
1718,71.5833,,,,,,
1719,71.625,,,,,,
1720,71.6667,,,,,,
1721,71.7083,,,,,,
1722,71.75,,,,,,
1723,71.7917,,,,,,
1724,71.8333,,,,,,
1725,71.875,,,,,,
1726,71.9167,,,,,,
1727,71.9583,,,,,,
1728,72.0,,,,,,
1729,72.0417,,,,,,
1730,72.0833,,,,,,
1731,72.125,,,,,,
1732,72.1667,,,,,,
1733,72.2083,,,,,,
1734,72.25,,,,,,
1735,72.2917,,,,,,
1736,72.3333,,,,,,
1737,72.375,,,,,,
1738,72.4167,,,,,,
1739,72.4583,,,,,,
1740,72.5,,,,,,
1741,72.5417,,,,,,
1742,72.5833,,,,,,
1743,72.625,,,,,,
1744,72.6667,,,,,,
1745,72.7083,,,,,,
1746,72.75,,,,,,
1747,72.7917,,,,,,
1748,72.8333,,,,,,
1749,72.875,,,,,,
1750,72.9167,,,,,,
1751,72.9583,,,,,,
1752,73.0,,,,,,
1753,73.0417,,,,,,
1754,73.0833,,,,,,
1755,73.125,,,,,,
1756,73.1667,,,,,,
1757,73.2083,,,,,,
1758,73.25,,,,,,
1759,73.2917,,,,,,
1760,73.3333,,,,,,
1761,73.375,,,,,,
1762,73.4167,,,,,,
1763,73.4583,,,,,,
1764,73.5,,,,,,
1765,73.5417,,,,,,
1766,73.5833,,,,,,
1767,73.625,,,,,,
1768,73.6667,,,,,,
1769,73.7083,,,,,,
1770,73.75,,,,,,
1771,73.7917,,,,,,
1772,73.8333,,,,,,
1773,73.875,,,,,,
1774,73.9167,,,,,,
1775,73.9583,,,,,,
1776,74.0,,,,,,
1777,74.0417,,,,,,
1778,74.0833,,,,,,
1779,74.125,,,,,,
1780,74.1667,,,,,,
1781,74.2083,,,,,,
1782,74.25,,,,,,
1783,74.2917,,,,,,
1784,74.3333,,,,,,
1785,74.375,,,,,,
1786,74.4167,,,,,,
1787,74.4583,,,,,,
1788,74.5,,,,,,
1789,74.5417,,,,,,
1790,74.5833,,,,,,
1791,74.625,,,,,,
1792,74.6667,,,,,,
1793,74.7083,,,,,,
1794,74.75,,,,,,
1795,74.7917,,,,,,
1796,74.8333,,,,,,
1797,74.875,,,,,,
1798,74.9167,,,,,,
1799,74.9583,,,,,,
1800,75.0,,,,,,
1801,75.0417,,,,,,
1802,75.0833,,,,,,
1803,75.125,,,,,,
1804,75.1667,,,,,,
1805,75.2083,,,,,,
1806,75.25,,,,,,
1807,75.2917,,,,,,
1808,75.3333,,,,,,
1809,75.375,,,,,,
1810,75.4167,,,,,,
1811,75.4583,,,,,,
1812,75.5,,,,,,
1813,75.5417,,,,,,
1814,75.5833,,,,,,
1815,75.625,,,,,,
1816,75.6667,,,,,,
1817,75.7083,,,,,,
1818,75.75,,,,,,
1819,75.7917,,,,,,
1820,75.8333,,,,,,
1821,75.875,,,,,,
1822,75.9167,,,,,,
1823,75.9583,,,,,,
1824,76.0,,,,,,
1825,76.0417,,,,,,
1826,76.0833,,,,,,
1827,76.125,,,,,,
1828,76.1667,,,,,,
1829,76.2083,,,,,,
1830,76.25,,,,,,
1831,76.2917,,,,,,
1832,76.3333,,,,,,
1833,76.375,,,,,,
1834,76.4167,,,,,,
1835,76.4583,,,,,,
1836,76.5,,,,,,
1837,76.5417,,,,,,
1838,76.5833,,,,,,
1839,76.625,,,,,,
1840,76.6667,,,,,,
1841,76.7083,,,,,,
1842,76.75,,,,,,
1843,76.7917,,,,,,
1844,76.8333,,,,,,
1845,76.875,,,,,,
1846,76.9167,,,,,,
1847,76.9583,,,,,,
1848,77.0,,,,,,
1849,77.0417,,,,,,
1850,77.0833,,,,,,
1851,77.125,,,,,,
1852,77.1667,,,,,,
1853,77.2083,,,,,,
1854,77.25,,,,,,
1855,77.2917,,,,,,
1856,77.3333,,,,,,
1857,77.375,,,,,,
1858,77.4167,,,,,,
1859,77.4583,,,,,,
1860,77.5,,,,,,
1861,77.5417,,,,,,
1862,77.5833,,,,,,
1863,77.625,,,,,,
1864,77.6667,,,,,,
1865,77.7083,,,,,,
1866,77.75,,,,,,
1867,77.7917,,,,,,
1868,77.8333,,,,,,
1869,77.875,,,,,,
1870,77.9167,,,,,,
1871,77.9583,,,,,,
1872,78.0,,,,,,
1873,78.0417,,,,,,
1874,78.0833,,,,,,
1875,78.125,,,,,,
1876,78.1667,,,,,,
1877,78.2083,,,,,,
1878,78.25,,,,,,
1879,78.2917,,,,,,
1880,78.3333,,,,,,
1881,78.375,,,,,,
1882,78.4167,,,,,,
1883,78.4583,,,,,,
1884,78.5,,,,,,
1885,78.5417,,,,,,
1886,78.5833,,,,,,
1887,78.625,,,,,,
1888,78.6667,,,,,,
1889,78.7083,,,,,,
1890,78.75,,,,,,
1891,78.7917,,,,,,
1892,78.8333,164.9,409.3,269.1,480.0,0.1234,0
1893,78.875,,,,,,
1894,78.9167,,,,,,
1895,78.9583,,,,,,
1896,79.0,,,,,,
1897,79.0417,,,,,,
1898,79.0833,,,,,,
1899,79.125,,,,,,
1900,79.1667,,,,,,
1901,79.2083,,,,,,
1902,79.25,,,,,,
1903,79.2917,,,,,,
1904,79.3333,,,,,,
1905,79.375,,,,,,
1906,79.4167,,,,,,
1907,79.4583,,,,,,
1908,79.5,,,,,,
1909,79.5417,,,,,,
1910,79.5833,,,,,,
1911,79.625,,,,,,
1912,79.6667,,,,,,
1913,79.7083,,,,,,
1914,79.75,,,,,,
1915,79.7917,,,,,,
1916,79.8333,,,,,,
1917,79.875,,,,,,
1918,79.9167,,,,,,
1919,79.9583,,,,,,
1920,80.0,,,,,,
1921,80.0417,,,,,,
1922,80.0833,,,,,,
1923,80.125,,,,,,
1924,80.1667,,,,,,
1925,80.2083,,,,,,
1926,80.25,,,,,,
1927,80.2917,,,,,,
1928,80.3333,,,,,,
1929,80.375,,,,,,
1930,80.4167,,,,,,
1931,80.4583,,,,,,
1932,80.5,,,,,,
1933,80.5417,,,,,,
1934,80.5833,,,,,,
1935,80.625,,,,,,
1936,80.6667,,,,,,
1937,80.7083,,,,,,
1938,80.75,,,,,,
1939,80.7917,,,,,,
1940,80.8333,,,,,,
1941,80.875,,,,,,
1942,80.9167,,,,,,
1943,80.9583,,,,,,
1944,81.0,,,,,,
1945,81.0417,,,,,,
1946,81.0833,,,,,,
1947,81.125,,,,,,
1948,81.1667,,,,,,
1949,81.2083,,,,,,
1950,81.25,,,,,,
1951,81.2917,,,,,,
1952,81.3333,,,,,,
1953,81.375,,,,,,
1954,81.4167,,,,,,
1955,81.4583,,,,,,
1956,81.5,,,,,,
1957,81.5417,,,,,,
1958,81.5833,,,,,,
1959,81.625,,,,,,
1960,81.6667,,,,,,
1961,81.7083,,,,,,
1962,81.75,,,,,,
1963,81.7917,,,,,,
1964,81.8333,,,,,,
1965,81.875,,,,,,
1966,81.9167,,,,,,
1967,81.9583,,,,,,
1968,82.0,,,,,,
1969,82.0417,,,,,,
1970,82.0833,,,,,,
1971,82.125,,,,,,
1972,82.1667,,,,,,
1973,82.2083,,,,,,
1974,82.25,,,,,,
1975,82.2917,,,,,,
1976,82.3333,,,,,,
1977,82.375,,,,,,
1978,82.4167,,,,,,
1979,82.4583,,,,,,
1980,82.5,,,,,,
1981,82.5417,,,,,,
1982,82.5833,,,,,,
1983,82.625,,,,,,
1984,82.6667,,,,,,
1985,82.7083,,,,,,
1986,82.75,,,,,,
1987,82.7917,,,,,,
1988,82.8333,,,,,,
1989,82.875,,,,,,
1990,82.9167,,,,,,
1991,82.9583,,,,,,
1992,83.0,,,,,,
1993,83.0417,,,,,,
1994,83.0833,,,,,,
1995,83.125,,,,,,
1996,83.1667,,,,,,
1997,83.2083,,,,,,
1998,83.25,,,,,,
1999,83.2917,,,,,,
2000,83.3333,,,,,,
2001,83.375,,,,,,
2002,83.4167,,,,,,
2003,83.4583,158.3,176.0,199.5,221.5,0.1299,1
2004,83.5,,,,,,
2005,83.5417,,,,,,
2006,83.5833,,,,,,
2007,83.625,,,,,,
2008,83.6667,,,,,,
2009,83.7083,,,,,,
2010,83.75,,,,,,
2011,83.7917,,,,,,
2012,83.8333,,,,,,
2013,83.875,,,,,,
2014,83.9167,,,,,,
2015,83.9583,,,,,,
2016,84.0,,,,,,
2017,84.0417,,,,,,
2018,84.0833,,,,,,
2019,84.125,,,,,,
2020,84.1667,,,,,,
2021,84.2083,,,,,,
2022,84.25,,,,,,
2023,84.2917,,,,,,
2024,84.3333,,,,,,
2025,84.375,,,,,,
2026,84.4167,,,,,,
2027,84.4583,,,,,,
2028,84.5,,,,,,
2029,84.5417,,,,,,
2030,84.5833,,,,,,
2031,84.625,,,,,,
2032,84.6667,,,,,,
2033,84.7083,,,,,,
2034,84.75,,,,,,
2035,84.7917,,,,,,
2036,84.8333,,,,,,
2037,84.875,,,,,,
2038,84.9167,,,,,,
2039,84.9583,,,,,,
2040,85.0,,,,,,
2041,85.0417,,,,,,
2042,85.0833,,,,,,
2043,85.125,,,,,,
2044,85.1667,,,,,,
2045,85.2083,,,,,,
2046,85.25,,,,,,
2047,85.2917,,,,,,
2048,85.3333,,,,,,
2049,85.375,,,,,,
2050,85.4167,,,,,,
2051,85.4583,,,,,,
2052,85.5,,,,,,
2053,85.5417,,,,,,
2054,85.5833,,,,,,
2055,85.625,,,,,,
2056,85.6667,,,,,,
2057,85.7083,,,,,,
2058,85.75,,,,,,
2059,85.7917,,,,,,
2060,85.8333,,,,,,
2061,85.875,,,,,,
2062,85.9167,,,,,,
2063,85.9583,,,,,,
2064,86.0,,,,,,
2065,86.0417,,,,,,
2066,86.0833,,,,,,
2067,86.125,,,,,,
2068,86.1667,,,,,,
2069,86.2083,,,,,,
2070,86.25,,,,,,
2071,86.2917,,,,,,
2072,86.3333,,,,,,
2073,86.375,,,,,,
2074,86.4167,,,,,,
2075,86.4583,,,,,,
2076,86.5,,,,,,
2077,86.5417,,,,,,
2078,86.5833,,,,,,
2079,86.625,,,,,,
2080,86.6667,,,,,,
2081,86.7083,,,,,,
2082,86.75,,,,,,
2083,86.7917,,,,,,
2084,86.8333,,,,,,
2085,86.875,,,,,,
2086,86.9167,,,,,,
2087,86.9583,,,,,,
2088,87.0,,,,,,
2089,87.0417,,,,,,
2090,87.0833,,,,,,
2091,87.125,,,,,,
2092,87.1667,,,,,,
2093,87.2083,,,,,,
2094,87.25,,,,,,
2095,87.2917,,,,,,
2096,87.3333,,,,,,
2097,87.375,,,,,,
2098,87.4167,,,,,,
2099,87.4583,,,,,,
2100,87.5,,,,,,
2101,87.5417,,,,,,
2102,87.5833,,,,,,
2103,87.625,,,,,,
2104,87.6667,,,,,,
2105,87.7083,,,,,,
2106,87.75,,,,,,
2107,87.7917,,,,,,
2108,87.8333,,,,,,
2109,87.875,,,,,,
2110,87.9167,,,,,,
2111,87.9583,,,,,,
2112,88.0,,,,,,
2113,88.0417,,,,,,
2114,88.0833,,,,,,
2115,88.125,,,,,,
2116,88.1667,,,,,,
2117,88.2083,,,,,,
2118,88.25,,,,,,
2119,88.2917,,,,,,
2120,88.3333,,,,,,
2121,88.375,,,,,,
2122,88.4167,,,,,,
2123,88.4583,,,,,,
2124,88.5,,,,,,
2125,88.5417,,,,,,
2126,88.5833,,,,,,
2127,88.625,541.0,138.6,640.0,387.2,0.194,1
2127,88.625,543.2,111.4,639.6,385.9,0.1153,1
2128,88.6667,,,,,,
2129,88.7083,,,,,,
2130,88.75,,,,,,
2131,88.7917,,,,,,
2132,88.8333,,,,,,
2133,88.875,,,,,,
2134,88.9167,,,,,,
2135,88.9583,,,,,,
2136,89.0,,,,,,
2137,89.0417,,,,,,
2138,89.0833,,,,,,
2139,89.125,,,,,,
2140,89.1667,,,,,,
2141,89.2083,,,,,,
2142,89.25,,,,,,
2143,89.2917,,,,,,
2144,89.3333,,,,,,
2145,89.375,,,,,,
2146,89.4167,,,,,,
2147,89.4583,,,,,,
2148,89.5,,,,,,
2149,89.5417,,,,,,
2150,89.5833,,,,,,
2151,89.625,,,,,,
2152,89.6667,,,,,,
2153,89.7083,,,,,,
2154,89.75,,,,,,
2155,89.7917,,,,,,
2156,89.8333,,,,,,
2157,89.875,,,,,,
2158,89.9167,,,,,,
2159,89.9583,,,,,,
2160,90.0,,,,,,
2161,90.0417,,,,,,
2162,90.0833,,,,,,
2163,90.125,,,,,,
2164,90.1667,,,,,,
2165,90.2083,,,,,,
2166,90.25,,,,,,
2167,90.2917,,,,,,
2168,90.3333,,,,,,
2169,90.375,,,,,,
2170,90.4167,,,,,,
2171,90.4583,,,,,,
2172,90.5,,,,,,
2173,90.5417,,,,,,
2174,90.5833,,,,,,
2175,90.625,,,,,,
2176,90.6667,,,,,,
2177,90.7083,,,,,,
2178,90.75,,,,,,
2179,90.7917,,,,,,
2180,90.8333,,,,,,
2181,90.875,,,,,,
2182,90.9167,,,,,,
2183,90.9583,,,,,,
2184,91.0,,,,,,
2185,91.0417,,,,,,
2186,91.0833,,,,,,
2187,91.125,,,,,,
2188,91.1667,,,,,,
2189,91.2083,,,,,,
2190,91.25,,,,,,
2191,91.2917,,,,,,
2192,91.3333,,,,,,
2193,91.375,,,,,,
2194,91.4167,,,,,,
2195,91.4583,,,,,,
2196,91.5,,,,,,
2197,91.5417,,,,,,
2198,91.5833,,,,,,
2199,91.625,,,,,,
2200,91.6667,,,,,,
2201,91.7083,,,,,,
2202,91.75,,,,,,
2203,91.7917,,,,,,
2204,91.8333,,,,,,
2205,91.875,,,,,,
2206,91.9167,,,,,,
2207,91.9583,,,,,,
2208,92.0,,,,,,
2209,92.0417,,,,,,
2210,92.0833,,,,,,
2211,92.125,,,,,,
2212,92.1667,,,,,,
2213,92.2083,,,,,,
2214,92.25,,,,,,
2215,92.2917,,,,,,
2216,92.3333,,,,,,
2217,92.375,,,,,,
2218,92.4167,,,,,,
2219,92.4583,,,,,,
2220,92.5,,,,,,
2221,92.5417,,,,,,
2222,92.5833,,,,,,
2223,92.625,,,,,,
2224,92.6667,,,,,,
2225,92.7083,,,,,,
2226,92.75,,,,,,
2227,92.7917,,,,,,
2228,92.8333,,,,,,
2229,92.875,,,,,,
2230,92.9167,,,,,,
2231,92.9583,,,,,,
2232,93.0,,,,,,
2233,93.0417,,,,,,
2234,93.0833,,,,,,
2235,93.125,,,,,,
2236,93.1667,,,,,,
2237,93.2083,,,,,,
2238,93.25,,,,,,
2239,93.2917,524.8,170.4,640.0,369.0,0.1063,1
2240,93.3333,551.7,128.0,639.5,374.9,0.146,1
2241,93.375,579.7,151.7,640.0,375.6,0.1043,1
2241,93.375,578.8,163.8,640.0,384.0,0.1008,1
2242,93.4167,,,,,,
2243,93.4583,,,,,,
2244,93.5,,,,,,
2245,93.5417,,,,,,
2246,93.5833,,,,,,
2247,93.625,,,,,,
2248,93.6667,,,,,,
2249,93.7083,,,,,,
2250,93.75,,,,,,
2251,93.7917,,,,,,
2252,93.8333,,,,,,
2253,93.875,,,,,,
2254,93.9167,,,,,,
2255,93.9583,,,,,,
2256,94.0,,,,,,
2257,94.0417,,,,,,
2258,94.0833,,,,,,
2259,94.125,,,,,,
2260,94.1667,,,,,,
2261,94.2083,361.0,12.5,419.8,84.8,0.1292,1
2262,94.25,,,,,,
2263,94.2917,,,,,,
2264,94.3333,,,,,,
2265,94.375,,,,,,
2266,94.4167,,,,,,
2267,94.4583,,,,,,
2268,94.5,,,,,,
2269,94.5417,,,,,,
2270,94.5833,,,,,,
2271,94.625,,,,,,
2272,94.6667,,,,,,
2273,94.7083,,,,,,
2274,94.75,,,,,,
2275,94.7917,,,,,,
2276,94.8333,,,,,,
2277,94.875,,,,,,
2278,94.9167,,,,,,
2279,94.9583,,,,,,
2280,95.0,,,,,,
2281,95.0417,,,,,,
2282,95.0833,,,,,,
2283,95.125,,,,,,
2284,95.1667,,,,,,
2285,95.2083,,,,,,
2286,95.25,,,,,,
2287,95.2917,,,,,,
2288,95.3333,,,,,,
2289,95.375,,,,,,
2290,95.4167,,,,,,
2291,95.4583,,,,,,
2292,95.5,,,,,,
2293,95.5417,,,,,,
2294,95.5833,,,,,,
2295,95.625,,,,,,
2296,95.6667,,,,,,
2297,95.7083,,,,,,
2298,95.75,,,,,,
2299,95.7917,,,,,,
2300,95.8333,141.2,320.7,165.2,345.7,0.1107,1
2301,95.875,,,,,,
2302,95.9167,,,,,,
2303,95.9583,,,,,,
2304,96.0,,,,,,
2305,96.0417,,,,,,
2306,96.0833,,,,,,
2307,96.125,,,,,,
2308,96.1667,,,,,,
2309,96.2083,,,,,,
2310,96.25,,,,,,
2311,96.2917,,,,,,
2312,96.3333,,,,,,
2313,96.375,,,,,,
2314,96.4167,,,,,,
2315,96.4583,,,,,,
2316,96.5,,,,,,
2317,96.5417,555.6,288.7,640.0,444.3,0.1009,1
2318,96.5833,568.9,288.4,639.9,445.0,0.2064,1
2319,96.625,,,,,,
2320,96.6667,,,,,,
2321,96.7083,,,,,,
2322,96.75,,,,,,
2323,96.7917,,,,,,
2324,96.8333,,,,,,
2325,96.875,,,,,,
2326,96.9167,,,,,,
2327,96.9583,,,,,,
2328,97.0,,,,,,
2329,97.0417,,,,,,
2330,97.0833,,,,,,
2331,97.125,,,,,,
2332,97.1667,,,,,,
2333,97.2083,,,,,,
2334,97.25,,,,,,
2335,97.2917,,,,,,
2336,97.3333,,,,,,
2337,97.375,474.3,274.2,638.4,377.3,0.1084,1
2338,97.4167,,,,,,
2339,97.4583,,,,,,
2340,97.5,,,,,,
2341,97.5417,,,,,,
2342,97.5833,,,,,,
2343,97.625,,,,,,
2344,97.6667,,,,,,
2345,97.7083,,,,,,
2346,97.75,,,,,,
2347,97.7917,,,,,,
2348,97.8333,,,,,,
2349,97.875,,,,,,
2350,97.9167,,,,,,
2351,97.9583,,,,,,
2352,98.0,,,,,,
2353,98.0417,618.2,258.7,640.0,354.1,0.1005,1
2354,98.0833,,,,,,
2355,98.125,,,,,,
2356,98.1667,,,,,,
2357,98.2083,,,,,,
2358,98.25,,,,,,
2359,98.2917,,,,,,
2360,98.3333,,,,,,
2361,98.375,,,,,,
2362,98.4167,,,,,,
2363,98.4583,,,,,,
2364,98.5,,,,,,
2365,98.5417,,,,,,
2366,98.5833,,,,,,
2367,98.625,,,,,,
2368,98.6667,,,,,,
2369,98.7083,,,,,,
2370,98.75,,,,,,
2371,98.7917,,,,,,
2372,98.8333,,,,,,
2373,98.875,,,,,,
2374,98.9167,,,,,,
2375,98.9583,,,,,,
2376,99.0,,,,,,
2377,99.0417,,,,,,
2378,99.0833,,,,,,
2379,99.125,,,,,,
2380,99.1667,,,,,,
2381,99.2083,,,,,,
2382,99.25,,,,,,
2383,99.2917,,,,,,
2384,99.3333,,,,,,
2385,99.375,,,,,,
2386,99.4167,,,,,,
2387,99.4583,,,,,,
2388,99.5,,,,,,
2389,99.5417,,,,,,
2390,99.5833,,,,,,
2391,99.625,,,,,,
2392,99.6667,,,,,,
2393,99.7083,,,,,,
2394,99.75,,,,,,
2395,99.7917,,,,,,
2396,99.8333,,,,,,
2397,99.875,,,,,,
2398,99.9167,,,,,,
2399,99.9583,,,,,,
2400,100.0,,,,,,
2401,100.0417,,,,,,
2402,100.0833,,,,,,
2403,100.125,,,,,,
2404,100.1667,,,,,,
2405,100.2083,,,,,,
2406,100.25,,,,,,
2407,100.2917,,,,,,
2408,100.3333,,,,,,
2409,100.375,,,,,,
2410,100.4167,,,,,,
2411,100.4583,,,,,,
2412,100.5,,,,,,
2413,100.5417,,,,,,
2414,100.5833,,,,,,
2415,100.625,,,,,,
2416,100.6667,,,,,,
2417,100.7083,,,,,,
2418,100.75,,,,,,
2419,100.7917,,,,,,
2420,100.8333,,,,,,
2421,100.875,,,,,,
2422,100.9167,,,,,,
2423,100.9583,,,,,,
2424,101.0,,,,,,
2425,101.0417,,,,,,
2426,101.0833,,,,,,
2427,101.125,,,,,,
2428,101.1667,,,,,,
2429,101.2083,,,,,,
2430,101.25,,,,,,
2431,101.2917,,,,,,
2432,101.3333,,,,,,
2433,101.375,,,,,,
2434,101.4167,,,,,,
2435,101.4583,,,,,,
2436,101.5,,,,,,
2437,101.5417,,,,,,
2438,101.5833,,,,,,
2439,101.625,,,,,,
2440,101.6667,,,,,,
2441,101.7083,,,,,,
2442,101.75,,,,,,
2443,101.7917,,,,,,
2444,101.8333,,,,,,
2445,101.875,,,,,,
2446,101.9167,,,,,,
2447,101.9583,,,,,,
2448,102.0,,,,,,
2449,102.0417,,,,,,
2450,102.0833,,,,,,
2451,102.125,,,,,,
2452,102.1667,,,,,,
2453,102.2083,,,,,,
2454,102.25,,,,,,
2455,102.2917,,,,,,
2456,102.3333,,,,,,
2457,102.375,,,,,,
2458,102.4167,,,,,,
2459,102.4583,,,,,,
2460,102.5,,,,,,
2461,102.5417,,,,,,
2462,102.5833,,,,,,
2463,102.625,,,,,,
2464,102.6667,,,,,,
2465,102.7083,,,,,,
2466,102.75,,,,,,
2467,102.7917,,,,,,
2468,102.8333,,,,,,
2469,102.875,,,,,,
2470,102.9167,,,,,,
2471,102.9583,,,,,,
2472,103.0,,,,,,
2473,103.0417,,,,,,
2474,103.0833,,,,,,
2475,103.125,,,,,,
2476,103.1667,,,,,,
2477,103.2083,,,,,,
2478,103.25,,,,,,
2479,103.2917,,,,,,
2480,103.3333,,,,,,
2481,103.375,,,,,,
2482,103.4167,,,,,,
2483,103.4583,,,,,,
2484,103.5,,,,,,
2485,103.5417,,,,,,
2486,103.5833,,,,,,
2487,103.625,,,,,,
2488,103.6667,,,,,,
2489,103.7083,,,,,,
2490,103.75,,,,,,
2491,103.7917,,,,,,
2492,103.8333,,,,,,
2493,103.875,,,,,,
2494,103.9167,,,,,,
2495,103.9583,,,,,,
2496,104.0,,,,,,
2497,104.0417,,,,,,
2498,104.0833,,,,,,
2499,104.125,,,,,,
2500,104.1667,,,,,,
2501,104.2083,,,,,,
2502,104.25,,,,,,
2503,104.2917,,,,,,
2504,104.3333,,,,,,
2505,104.375,,,,,,
2506,104.4167,,,,,,
2507,104.4583,,,,,,
2508,104.5,,,,,,
2509,104.5417,,,,,,
2510,104.5833,,,,,,
2511,104.625,,,,,,
2512,104.6667,,,,,,
2513,104.7083,,,,,,
2514,104.75,,,,,,
2515,104.7917,,,,,,
2516,104.8333,,,,,,
2517,104.875,,,,,,
2518,104.9167,,,,,,
2519,104.9583,,,,,,
2520,105.0,,,,,,
2521,105.0417,,,,,,
2522,105.0833,,,,,,
2523,105.125,,,,,,
2524,105.1667,,,,,,
2525,105.2083,,,,,,
2526,105.25,,,,,,
2527,105.2917,,,,,,
2528,105.3333,,,,,,
2529,105.375,,,,,,
2530,105.4167,,,,,,
2531,105.4583,,,,,,
2532,105.5,,,,,,
2533,105.5417,,,,,,
2534,105.5833,,,,,,
2535,105.625,,,,,,
2536,105.6667,,,,,,
2537,105.7083,,,,,,
2538,105.75,,,,,,
2539,105.7917,,,,,,
2540,105.8333,,,,,,
2541,105.875,,,,,,
2542,105.9167,,,,,,
2543,105.9583,,,,,,
2544,106.0,,,,,,
2545,106.0417,,,,,,
2546,106.0833,,,,,,
2547,106.125,,,,,,
2548,106.1667,,,,,,
2549,106.2083,,,,,,
2550,106.25,,,,,,
2551,106.2917,,,,,,
2552,106.3333,,,,,,
2553,106.375,,,,,,
2554,106.4167,,,,,,
2555,106.4583,,,,,,
2556,106.5,,,,,,
2557,106.5417,,,,,,
2558,106.5833,,,,,,
2559,106.625,,,,,,
2560,106.6667,,,,,,
2561,106.7083,,,,,,
2562,106.75,,,,,,
2563,106.7917,,,,,,
2564,106.8333,,,,,,
2565,106.875,,,,,,
2566,106.9167,,,,,,
2567,106.9583,,,,,,
2568,107.0,,,,,,
2569,107.0417,,,,,,
2570,107.0833,,,,,,
2571,107.125,,,,,,
2572,107.1667,,,,,,
2573,107.2083,,,,,,
2574,107.25,,,,,,
2575,107.2917,,,,,,
2576,107.3333,,,,,,
2577,107.375,,,,,,
2578,107.4167,,,,,,
2579,107.4583,,,,,,
2580,107.5,,,,,,
2581,107.5417,,,,,,
2582,107.5833,,,,,,
2583,107.625,,,,,,
2584,107.6667,,,,,,
2585,107.7083,,,,,,
2586,107.75,,,,,,
2587,107.7917,,,,,,
2588,107.8333,,,,,,
2589,107.875,,,,,,
2590,107.9167,,,,,,
2591,107.9583,,,,,,
2592,108.0,,,,,,
2593,108.0417,,,,,,
2594,108.0833,,,,,,
2595,108.125,,,,,,
2596,108.1667,,,,,,
2597,108.2083,,,,,,
2598,108.25,,,,,,
2599,108.2917,,,,,,
2600,108.3333,,,,,,
2601,108.375,,,,,,
2602,108.4167,,,,,,
2603,108.4583,,,,,,
2604,108.5,,,,,,
2605,108.5417,,,,,,
2606,108.5833,,,,,,
2607,108.625,,,,,,
2608,108.6667,,,,,,
2609,108.7083,,,,,,
2610,108.75,,,,,,
2611,108.7917,,,,,,
2612,108.8333,,,,,,
2613,108.875,,,,,,
2614,108.9167,,,,,,
2615,108.9583,,,,,,
2616,109.0,,,,,,
2617,109.0417,,,,,,
2618,109.0833,,,,,,
2619,109.125,,,,,,
2620,109.1667,,,,,,
2621,109.2083,,,,,,
2622,109.25,,,,,,
2623,109.2917,,,,,,
2624,109.3333,,,,,,
2625,109.375,,,,,,
2626,109.4167,,,,,,
2627,109.4583,,,,,,
2628,109.5,,,,,,
2629,109.5417,,,,,,
2630,109.5833,,,,,,
2631,109.625,,,,,,
2632,109.6667,,,,,,
2633,109.7083,,,,,,
2634,109.75,,,,,,
2635,109.7917,,,,,,
2636,109.8333,,,,,,
2637,109.875,,,,,,
2638,109.9167,,,,,,
2639,109.9583,,,,,,
2640,110.0,,,,,,
2641,110.0417,,,,,,
2642,110.0833,,,,,,
2643,110.125,,,,,,
2644,110.1667,,,,,,
2645,110.2083,,,,,,
2646,110.25,,,,,,
2647,110.2917,,,,,,
2648,110.3333,,,,,,
2649,110.375,,,,,,
2650,110.4167,,,,,,
2651,110.4583,,,,,,
2652,110.5,,,,,,
2653,110.5417,,,,,,
2654,110.5833,,,,,,
2655,110.625,,,,,,
2656,110.6667,,,,,,
2657,110.7083,,,,,,
2658,110.75,,,,,,
2659,110.7917,,,,,,
2660,110.8333,,,,,,
2661,110.875,,,,,,
2662,110.9167,,,,,,
2663,110.9583,,,,,,
2664,111.0,,,,,,
2665,111.0417,,,,,,
2666,111.0833,,,,,,
2667,111.125,,,,,,
2668,111.1667,,,,,,
2669,111.2083,,,,,,
2670,111.25,,,,,,
2671,111.2917,,,,,,
2672,111.3333,,,,,,
2673,111.375,,,,,,
2674,111.4167,,,,,,
2675,111.4583,,,,,,
2676,111.5,,,,,,
2677,111.5417,,,,,,
2678,111.5833,,,,,,
2679,111.625,,,,,,
2680,111.6667,,,,,,
2681,111.7083,,,,,,
2682,111.75,,,,,,
2683,111.7917,,,,,,
2684,111.8333,,,,,,
2685,111.875,,,,,,
2686,111.9167,,,,,,
2687,111.9583,,,,,,
2688,112.0,,,,,,
2689,112.0417,,,,,,
2690,112.0833,,,,,,
2691,112.125,,,,,,
2692,112.1667,,,,,,
2693,112.2083,,,,,,
2694,112.25,,,,,,
2695,112.2917,,,,,,
2696,112.3333,,,,,,
2697,112.375,,,,,,
2698,112.4167,,,,,,
2699,112.4583,,,,,,
2700,112.5,,,,,,
2701,112.5417,,,,,,
2702,112.5833,,,,,,
2703,112.625,,,,,,
2704,112.6667,,,,,,
2705,112.7083,,,,,,
2706,112.75,,,,,,
2707,112.7917,,,,,,
2708,112.8333,,,,,,
2709,112.875,,,,,,
2710,112.9167,,,,,,
2711,112.9583,,,,,,
2712,113.0,,,,,,
2713,113.0417,,,,,,
2714,113.0833,,,,,,
2715,113.125,,,,,,
2716,113.1667,,,,,,
2717,113.2083,,,,,,
2718,113.25,,,,,,
2719,113.2917,,,,,,
2720,113.3333,,,,,,
2721,113.375,,,,,,
2722,113.4167,,,,,,
2723,113.4583,,,,,,
2724,113.5,,,,,,
2725,113.5417,,,,,,
2726,113.5833,,,,,,
2727,113.625,,,,,,
2728,113.6667,,,,,,
2729,113.7083,,,,,,
2730,113.75,,,,,,
2731,113.7917,,,,,,
2732,113.8333,,,,,,
2733,113.875,,,,,,
2734,113.9167,,,,,,
2735,113.9583,,,,,,
2736,114.0,,,,,,
2737,114.0417,,,,,,
2738,114.0833,,,,,,
2739,114.125,,,,,,
2740,114.1667,,,,,,
2741,114.2083,,,,,,
2742,114.25,,,,,,
2743,114.2917,,,,,,
2744,114.3333,,,,,,
2745,114.375,,,,,,
2746,114.4167,,,,,,
2747,114.4583,,,,,,
2748,114.5,,,,,,
2749,114.5417,,,,,,
2750,114.5833,,,,,,
2751,114.625,,,,,,
2752,114.6667,,,,,,
2753,114.7083,,,,,,
2754,114.75,,,,,,
2755,114.7917,,,,,,
2756,114.8333,,,,,,
2757,114.875,,,,,,
2758,114.9167,,,,,,
2759,114.9583,,,,,,
2760,115.0,,,,,,
2761,115.0417,,,,,,
2762,115.0833,,,,,,
2763,115.125,,,,,,
2764,115.1667,,,,,,
2765,115.2083,,,,,,
2766,115.25,,,,,,
2767,115.2917,,,,,,
2768,115.3333,,,,,,
2769,115.375,,,,,,
2770,115.4167,,,,,,
2771,115.4583,,,,,,
2772,115.5,,,,,,
2773,115.5417,,,,,,
2774,115.5833,,,,,,
2775,115.625,,,,,,
2776,115.6667,,,,,,
2777,115.7083,,,,,,
2778,115.75,,,,,,
2779,115.7917,,,,,,
2780,115.8333,,,,,,
2781,115.875,,,,,,
2782,115.9167,,,,,,
2783,115.9583,,,,,,
2784,116.0,,,,,,
2785,116.0417,,,,,,
2786,116.0833,,,,,,
2787,116.125,,,,,,
2788,116.1667,,,,,,
2789,116.2083,,,,,,
2790,116.25,,,,,,
2791,116.2917,,,,,,
2792,116.3333,,,,,,
2793,116.375,,,,,,
2794,116.4167,,,,,,
2795,116.4583,,,,,,
2796,116.5,,,,,,
2797,116.5417,,,,,,
2798,116.5833,,,,,,
2799,116.625,,,,,,
2800,116.6667,,,,,,
2801,116.7083,,,,,,
2802,116.75,,,,,,
2803,116.7917,,,,,,
2804,116.8333,,,,,,
2805,116.875,,,,,,
2806,116.9167,,,,,,
2807,116.9583,,,,,,
2808,117.0,,,,,,
2809,117.0417,,,,,,
2810,117.0833,,,,,,
2811,117.125,,,,,,
2812,117.1667,,,,,,
2813,117.2083,,,,,,
2814,117.25,,,,,,
2815,117.2917,,,,,,
2816,117.3333,,,,,,
2817,117.375,,,,,,
2818,117.4167,,,,,,
2819,117.4583,,,,,,
2820,117.5,,,,,,
2821,117.5417,,,,,,
2822,117.5833,,,,,,
2823,117.625,,,,,,
2824,117.6667,,,,,,
2825,117.7083,,,,,,
2826,117.75,,,,,,
2827,117.7917,,,,,,
2828,117.8333,,,,,,
2829,117.875,,,,,,
2830,117.9167,,,,,,
2831,117.9583,,,,,,
2832,118.0,,,,,,
2833,118.0417,,,,,,
2834,118.0833,,,,,,
2835,118.125,,,,,,
2836,118.1667,,,,,,
2837,118.2083,,,,,,
2838,118.25,,,,,,
2839,118.2917,,,,,,
2840,118.3333,,,,,,
2841,118.375,,,,,,
2842,118.4167,,,,,,
2843,118.4583,,,,,,
2844,118.5,,,,,,
2845,118.5417,,,,,,
2846,118.5833,,,,,,
2847,118.625,,,,,,
2848,118.6667,,,,,,
2849,118.7083,,,,,,
2850,118.75,,,,,,
2851,118.7917,,,,,,
2852,118.8333,,,,,,
2853,118.875,,,,,,
2854,118.9167,,,,,,
2855,118.9583,,,,,,
2856,119.0,,,,,,
2857,119.0417,,,,,,
2858,119.0833,,,,,,
2859,119.125,,,,,,
2860,119.1667,,,,,,
2861,119.2083,,,,,,
2862,119.25,,,,,,
2863,119.2917,,,,,,
2864,119.3333,,,,,,
2865,119.375,,,,,,
2866,119.4167,,,,,,
2867,119.4583,,,,,,
2868,119.5,,,,,,
2869,119.5417,,,,,,
2870,119.5833,,,,,,
2871,119.625,,,,,,
2872,119.6667,,,,,,
2873,119.7083,,,,,,
2874,119.75,,,,,,
2875,119.7917,,,,,,
2876,119.8333,,,,,,
2877,119.875,,,,,,
2878,119.9167,,,,,,
2879,119.9583,,,,,,
2880,120.0,,,,,,
2881,120.0417,,,,,,
2882,120.0833,,,,,,
2883,120.125,,,,,,
2884,120.1667,,,,,,
2885,120.2083,,,,,,
2886,120.25,,,,,,
2887,120.2917,,,,,,
2888,120.3333,,,,,,
2889,120.375,,,,,,
2890,120.4167,,,,,,
2891,120.4583,,,,,,
2892,120.5,,,,,,
2893,120.5417,,,,,,
2894,120.5833,,,,,,
2895,120.625,,,,,,
2896,120.6667,,,,,,
2897,120.7083,,,,,,
2898,120.75,,,,,,
2899,120.7917,,,,,,
2900,120.8333,,,,,,
2901,120.875,,,,,,
2902,120.9167,,,,,,
2903,120.9583,,,,,,
2904,121.0,,,,,,
2905,121.0417,,,,,,
2906,121.0833,,,,,,
2907,121.125,,,,,,
2908,121.1667,,,,,,
2909,121.2083,,,,,,
2910,121.25,,,,,,
2911,121.2917,,,,,,
2912,121.3333,,,,,,
2913,121.375,,,,,,
2914,121.4167,,,,,,
2915,121.4583,,,,,,
2916,121.5,,,,,,
2917,121.5417,,,,,,
2918,121.5833,,,,,,
2919,121.625,,,,,,
2920,121.6667,,,,,,
2921,121.7083,,,,,,
2922,121.75,,,,,,
2923,121.7917,,,,,,
2924,121.8333,,,,,,
2925,121.875,,,,,,
2926,121.9167,,,,,,
2927,121.9583,,,,,,
2928,122.0,,,,,,
2929,122.0417,,,,,,
2930,122.0833,,,,,,
2931,122.125,,,,,,
2932,122.1667,,,,,,
2933,122.2083,,,,,,
2934,122.25,,,,,,
2935,122.2917,,,,,,
2936,122.3333,,,,,,
2937,122.375,,,,,,
2938,122.4167,,,,,,
2939,122.4583,,,,,,
2940,122.5,,,,,,
2941,122.5417,,,,,,
2942,122.5833,,,,,,
2943,122.625,,,,,,
2944,122.6667,,,,,,
2945,122.7083,,,,,,
2946,122.75,,,,,,
2947,122.7917,,,,,,
2948,122.8333,,,,,,
2949,122.875,,,,,,
2950,122.9167,,,,,,
2951,122.9583,,,,,,
2952,123.0,,,,,,
2953,123.0417,,,,,,
2954,123.0833,,,,,,
2955,123.125,,,,,,
2956,123.1667,,,,,,
2957,123.2083,,,,,,
2958,123.25,,,,,,
2959,123.2917,,,,,,
2960,123.3333,,,,,,
2961,123.375,,,,,,
2962,123.4167,,,,,,
2963,123.4583,,,,,,
2964,123.5,,,,,,
2965,123.5417,,,,,,
2966,123.5833,,,,,,
2967,123.625,,,,,,
2968,123.6667,,,,,,
2969,123.7083,,,,,,
2970,123.75,,,,,,
2971,123.7917,,,,,,
2972,123.8333,,,,,,
2973,123.875,,,,,,
2974,123.9167,,,,,,
2975,123.9583,240.0,172.7,256.7,186.3,0.1282,0
2976,124.0,243.5,171.1,262.0,185.7,0.2298,0
2977,124.0417,247.5,168.6,264.9,182.3,0.1143,0
2978,124.0833,250.9,169.0,264.8,180.0,0.1684,0
2979,124.125,250.0,169.3,264.9,179.9,0.2034,0
2980,124.1667,259.7,169.1,272.8,178.8,0.2507,0
2981,124.2083,262.6,168.5,275.6,179.1,0.4344,0
2982,124.25,263.3,168.2,275.8,179.0,0.4096,0
2983,124.2917,263.5,169.2,276.5,180.9,0.2002,0
2984,124.3333,266.4,168.4,280.3,180.7,0.252,0
2985,124.375,267.1,171.0,281.1,184.1,0.2871,0
2986,124.4167,267.9,171.8,282.5,185.1,0.3147,0
2987,124.4583,270.4,171.6,283.8,183.4,0.1117,0
2988,124.5,269.5,172.0,283.5,183.3,0.157,0
2989,124.5417,,,,,,
2990,124.5833,,,,,,
2991,124.625,,,,,,
2992,124.6667,,,,,,
2993,124.7083,,,,,,
2994,124.75,,,,,,
2995,124.7917,,,,,,
2996,124.8333,,,,,,
2997,124.875,,,,,,
2998,124.9167,,,,,,
2999,124.9583,,,,,,
3000,125.0,,,,,,
3001,125.0417,,,,,,
3002,125.0833,,,,,,
3003,125.125,,,,,,
3004,125.1667,,,,,,
3005,125.2083,,,,,,
3006,125.25,,,,,,
3007,125.2917,,,,,,
3008,125.3333,283.8,159.9,298.0,172.1,0.1271,0
3009,125.375,284.7,160.6,297.9,172.3,0.1246,0
3010,125.4167,,,,,,
3011,125.4583,,,,,,
3012,125.5,,,,,,
3013,125.5417,,,,,,
3014,125.5833,,,,,,
3015,125.625,,,,,,
3016,125.6667,,,,,,
3017,125.7083,,,,,,
3018,125.75,,,,,,
3019,125.7917,,,,,,
3020,125.8333,,,,,,
3021,125.875,,,,,,
3022,125.9167,,,,,,
3023,125.9583,,,,,,
3024,126.0,,,,,,
3025,126.0417,,,,,,
3026,126.0833,,,,,,
3027,126.125,,,,,,
3028,126.1667,,,,,,
3029,126.2083,,,,,,
3030,126.25,,,,,,
3031,126.2917,,,,,,
3032,126.3333,,,,,,
3033,126.375,,,,,,
3034,126.4167,,,,,,
3035,126.4583,,,,,,
3036,126.5,,,,,,
3037,126.5417,,,,,,
3038,126.5833,,,,,,
3039,126.625,,,,,,
3040,126.6667,,,,,,
3041,126.7083,,,,,,
3042,126.75,,,,,,
3043,126.7917,,,,,,
3044,126.8333,,,,,,
3045,126.875,,,,,,
3046,126.9167,,,,,,
3047,126.9583,,,,,,
3048,127.0,,,,,,
3049,127.0417,,,,,,
3050,127.0833,,,,,,
3051,127.125,,,,,,
3052,127.1667,,,,,,
3053,127.2083,,,,,,
3054,127.25,,,,,,
3055,127.2917,453.6,173.4,472.5,187.5,0.1322,0
3056,127.3333,,,,,,
3057,127.375,,,,,,
3058,127.4167,,,,,,
3059,127.4583,,,,,,
3060,127.5,,,,,,
3061,127.5417,557.7,176.2,584.8,189.4,0.2372,0
3062,127.5833,,,,,,
3063,127.625,,,,,,
3064,127.6667,,,,,,
3065,127.7083,,,,,,
3066,127.75,,,,,,
3067,127.7917,,,,,,
3068,127.8333,,,,,,
3069,127.875,,,,,,
3070,127.9167,,,,,,
3071,127.9583,,,,,,
3072,128.0,,,,,,
3073,128.0417,,,,,,
3074,128.0833,,,,,,
3075,128.125,,,,,,
3076,128.1667,,,,,,
3077,128.2083,,,,,,
3078,128.25,,,,,,
3079,128.2917,,,,,,
3080,128.3333,,,,,,
3081,128.375,,,,,,
3082,128.4167,,,,,,
3083,128.4583,,,,,,
3084,128.5,,,,,,
3085,128.5417,,,,,,
3086,128.5833,,,,,,
3087,128.625,,,,,,
3088,128.6667,,,,,,
3089,128.7083,,,,,,
3090,128.75,,,,,,
3091,128.7917,,,,,,
3092,128.8333,,,,,,
3093,128.875,,,,,,
3094,128.9167,,,,,,
3095,128.9583,,,,,,
3096,129.0,,,,,,
3097,129.0417,,,,,,
3098,129.0833,,,,,,
3099,129.125,,,,,,
3100,129.1667,,,,,,
3101,129.2083,,,,,,
3102,129.25,,,,,,
3103,129.2917,,,,,,
3104,129.3333,,,,,,
3105,129.375,,,,,,
3106,129.4167,,,,,,
3107,129.4583,,,,,,
3108,129.5,,,,,,
3109,129.5417,,,,,,
3110,129.5833,,,,,,
3111,129.625,,,,,,
3112,129.6667,,,,,,
3113,129.7083,,,,,,
3114,129.75,,,,,,
3115,129.7917,,,,,,
3116,129.8333,,,,,,
3117,129.875,,,,,,
3118,129.9167,,,,,,
3119,129.9583,,,,,,
3120,130.0,,,,,,
3121,130.0417,,,,,,
3122,130.0833,,,,,,
3123,130.125,,,,,,
3124,130.1667,,,,,,
3125,130.2083,,,,,,
3126,130.25,,,,,,
3127,130.2917,,,,,,
3128,130.3333,,,,,,
3129,130.375,,,,,,
3130,130.4167,,,,,,
3131,130.4583,,,,,,
3132,130.5,,,,,,
3133,130.5417,,,,,,
3134,130.5833,,,,,,
3135,130.625,,,,,,
3136,130.6667,,,,,,
3137,130.7083,,,,,,
3138,130.75,,,,,,
3139,130.7917,,,,,,
3140,130.8333,,,,,,
3141,130.875,,,,,,
3142,130.9167,,,,,,
3143,130.9583,,,,,,
3144,131.0,,,,,,
3145,131.0417,,,,,,
3146,131.0833,,,,,,
3147,131.125,,,,,,
3148,131.1667,,,,,,
3149,131.2083,,,,,,
3150,131.25,,,,,,
3151,131.2917,,,,,,
3152,131.3333,,,,,,
3153,131.375,,,,,,
3154,131.4167,,,,,,
3155,131.4583,,,,,,
3156,131.5,,,,,,
3157,131.5417,,,,,,
3158,131.5833,,,,,,
3159,131.625,,,,,,
3160,131.6667,,,,,,
3161,131.7083,,,,,,
3162,131.75,,,,,,
3163,131.7917,,,,,,
3164,131.8333,,,,,,
3165,131.875,,,,,,
3166,131.9167,,,,,,
3167,131.9583,,,,,,
3168,132.0,,,,,,
3169,132.0417,,,,,,
3170,132.0833,,,,,,
3171,132.125,,,,,,
3172,132.1667,,,,,,
3173,132.2083,,,,,,
3174,132.25,,,,,,
3175,132.2917,,,,,,
3176,132.3333,,,,,,
3177,132.375,,,,,,
3178,132.4167,,,,,,
3179,132.4583,,,,,,
3180,132.5,,,,,,
3181,132.5417,,,,,,
3182,132.5833,,,,,,
3183,132.625,,,,,,
3184,132.6667,,,,,,
3185,132.7083,,,,,,
3186,132.75,,,,,,
3187,132.7917,,,,,,
3188,132.8333,,,,,,
3189,132.875,,,,,,
3190,132.9167,,,,,,
3191,132.9583,,,,,,
3192,133.0,,,,,,
3193,133.0417,,,,,,
3194,133.0833,,,,,,
3195,133.125,,,,,,
3196,133.1667,,,,,,
3197,133.2083,,,,,,
3198,133.25,,,,,,
3199,133.2917,,,,,,
3200,133.3333,,,,,,
3201,133.375,,,,,,
3202,133.4167,,,,,,
3203,133.4583,,,,,,
3204,133.5,,,,,,
3205,133.5417,,,,,,
3206,133.5833,,,,,,
3207,133.625,,,,,,
3208,133.6667,,,,,,
3209,133.7083,,,,,,
3210,133.75,,,,,,
3211,133.7917,,,,,,
3212,133.8333,,,,,,
3213,133.875,,,,,,
3214,133.9167,,,,,,
3215,133.9583,,,,,,
3216,134.0,,,,,,
3217,134.0417,,,,,,
3218,134.0833,,,,,,
3219,134.125,,,,,,
3220,134.1667,,,,,,
3221,134.2083,,,,,,
3222,134.25,,,,,,
3223,134.2917,,,,,,
3224,134.3333,,,,,,
3225,134.375,,,,,,
3226,134.4167,,,,,,
3227,134.4583,,,,,,
3228,134.5,,,,,,
3229,134.5417,,,,,,
3230,134.5833,,,,,,
3231,134.625,,,,,,
3232,134.6667,,,,,,
3233,134.7083,,,,,,
3234,134.75,,,,,,
3235,134.7917,,,,,,
3236,134.8333,,,,,,
3237,134.875,,,,,,
3238,134.9167,,,,,,
3239,134.9583,,,,,,
3240,135.0,,,,,,
3241,135.0417,,,,,,
3242,135.0833,,,,,,
3243,135.125,,,,,,
3244,135.1667,,,,,,
3245,135.2083,,,,,,
3246,135.25,,,,,,
3247,135.2917,,,,,,
3248,135.3333,,,,,,
3249,135.375,,,,,,
3250,135.4167,,,,,,
3251,135.4583,,,,,,
3252,135.5,,,,,,
3253,135.5417,,,,,,
3254,135.5833,,,,,,
3255,135.625,,,,,,
3256,135.6667,,,,,,
3257,135.7083,,,,,,
3258,135.75,,,,,,
3259,135.7917,,,,,,
3260,135.8333,,,,,,
3261,135.875,,,,,,
3262,135.9167,,,,,,
3263,135.9583,,,,,,
3264,136.0,,,,,,
3265,136.0417,,,,,,
3266,136.0833,,,,,,
3267,136.125,,,,,,
3268,136.1667,,,,,,
3269,136.2083,,,,,,
3270,136.25,,,,,,
3271,136.2917,,,,,,
3272,136.3333,,,,,,
3273,136.375,,,,,,
3274,136.4167,,,,,,
3275,136.4583,,,,,,
3276,136.5,,,,,,
3277,136.5417,,,,,,
3278,136.5833,,,,,,
3279,136.625,,,,,,
3280,136.6667,,,,,,
3281,136.7083,,,,,,
3282,136.75,,,,,,
3283,136.7917,,,,,,
3284,136.8333,,,,,,
3285,136.875,,,,,,
3286,136.9167,,,,,,
3287,136.9583,,,,,,
3288,137.0,,,,,,
3289,137.0417,,,,,,
3290,137.0833,,,,,,
3291,137.125,,,,,,
3292,137.1667,,,,,,
3293,137.2083,,,,,,
3294,137.25,,,,,,
3295,137.2917,,,,,,
3296,137.3333,,,,,,
3297,137.375,,,,,,
3298,137.4167,,,,,,
3299,137.4583,,,,,,
3300,137.5,,,,,,
3301,137.5417,,,,,,
3302,137.5833,,,,,,
3303,137.625,,,,,,
3304,137.6667,,,,,,
3305,137.7083,,,,,,
3306,137.75,,,,,,
3307,137.7917,,,,,,
3308,137.8333,,,,,,
3309,137.875,,,,,,
3310,137.9167,,,,,,
3311,137.9583,,,,,,
3312,138.0,,,,,,
3313,138.0417,,,,,,
3314,138.0833,,,,,,
3315,138.125,,,,,,
3316,138.1667,290.6,0.2,381.3,60.5,0.1679,1
3316,138.1667,303.3,0.1,381.4,61.2,0.1115,1
3317,138.2083,,,,,,
3318,138.25,,,,,,
3319,138.2917,,,,,,
3320,138.3333,,,,,,
3321,138.375,292.9,0.0,373.4,47.9,0.1088,1
3322,138.4167,,,,,,
3323,138.4583,,,,,,
3324,138.5,,,,,,
3325,138.5417,277.7,0.1,361.7,56.2,0.1644,1
3326,138.5833,279.4,0.4,356.0,52.3,0.2165,1
3327,138.625,274.6,0.3,357.0,51.2,0.2376,1
3328,138.6667,274.4,0.2,361.3,53.2,0.3248,1
3329,138.7083,,,,,,
3330,138.75,,,,,,
3331,138.7917,,,,,,
3332,138.8333,,,,,,
3333,138.875,,,,,,
3334,138.9167,,,,,,
3335,138.9583,,,,,,
3336,139.0,,,,,,
3337,139.0417,,,,,,
3338,139.0833,,,,,,
3339,139.125,,,,,,
3340,139.1667,,,,,,
3341,139.2083,,,,,,
3342,139.25,,,,,,
3343,139.2917,,,,,,
3344,139.3333,,,,,,
3345,139.375,,,,,,
3346,139.4167,,,,,,
3347,139.4583,,,,,,
3348,139.5,,,,,,
3349,139.5417,,,,,,
3350,139.5833,,,,,,
3351,139.625,,,,,,
3352,139.6667,,,,,,
3353,139.7083,,,,,,
3354,139.75,,,,,,
3355,139.7917,,,,,,
3356,139.8333,,,,,,
3357,139.875,,,,,,
3358,139.9167,,,,,,
3359,139.9583,,,,,,
3360,140.0,,,,,,
3361,140.0417,,,,,,
3362,140.0833,,,,,,
3363,140.125,,,,,,
3364,140.1667,,,,,,
3365,140.2083,,,,,,
3366,140.25,,,,,,
3367,140.2917,,,,,,
3368,140.3333,,,,,,
3369,140.375,,,,,,
3370,140.4167,,,,,,
3371,140.4583,,,,,,
3372,140.5,,,,,,
3373,140.5417,,,,,,
3374,140.5833,,,,,,
3375,140.625,,,,,,
3376,140.6667,,,,,,
3377,140.7083,,,,,,
3378,140.75,,,,,,
3379,140.7917,,,,,,
3380,140.8333,,,,,,
3381,140.875,,,,,,
3382,140.9167,,,,,,
3383,140.9583,,,,,,
3384,141.0,,,,,,
3385,141.0417,,,,,,
3386,141.0833,,,,,,
3387,141.125,,,,,,
3388,141.1667,,,,,,
3389,141.2083,,,,,,
3390,141.25,,,,,,
3391,141.2917,,,,,,
3392,141.3333,,,,,,
3393,141.375,,,,,,
3394,141.4167,,,,,,
3395,141.4583,,,,,,
3396,141.5,,,,,,
3397,141.5417,,,,,,
3398,141.5833,,,,,,
3399,141.625,,,,,,
3400,141.6667,,,,,,
3401,141.7083,,,,,,
3402,141.75,,,,,,
3403,141.7917,,,,,,
3404,141.8333,,,,,,
3405,141.875,,,,,,
3406,141.9167,,,,,,
3407,141.9583,,,,,,
3408,142.0,,,,,,
3409,142.0417,,,,,,
3410,142.0833,,,,,,
3411,142.125,,,,,,
3412,142.1667,,,,,,
3413,142.2083,,,,,,
3414,142.25,,,,,,
3415,142.2917,,,,,,
3416,142.3333,,,,,,
3417,142.375,,,,,,
3418,142.4167,,,,,,
3419,142.4583,,,,,,
3420,142.5,,,,,,
3421,142.5417,,,,,,
3422,142.5833,,,,,,
3423,142.625,,,,,,
3424,142.6667,,,,,,
3425,142.7083,,,,,,
3426,142.75,,,,,,
3427,142.7917,,,,,,
3428,142.8333,,,,,,
3429,142.875,,,,,,
3430,142.9167,,,,,,
3431,142.9583,,,,,,
3432,143.0,,,,,,
3433,143.0417,,,,,,
3434,143.0833,,,,,,
3435,143.125,,,,,,
3436,143.1667,,,,,,
3437,143.2083,,,,,,
3438,143.25,,,,,,
3439,143.2917,,,,,,
3440,143.3333,,,,,,
3441,143.375,,,,,,
3442,143.4167,,,,,,
3443,143.4583,,,,,,
3444,143.5,,,,,,
3445,143.5417,,,,,,
3446,143.5833,,,,,,
3447,143.625,,,,,,
3448,143.6667,,,,,,
3449,143.7083,,,,,,
3450,143.75,,,,,,
3451,143.7917,,,,,,
3452,143.8333,,,,,,
3453,143.875,,,,,,
3454,143.9167,,,,,,
3455,143.9583,,,,,,
3456,144.0,,,,,,
3457,144.0417,,,,,,
3458,144.0833,,,,,,
3459,144.125,,,,,,
3460,144.1667,,,,,,
3461,144.2083,,,,,,
3462,144.25,,,,,,
3463,144.2917,,,,,,
3464,144.3333,,,,,,
3465,144.375,,,,,,
3466,144.4167,,,,,,
3467,144.4583,,,,,,
3468,144.5,,,,,,
3469,144.5417,,,,,,
3470,144.5833,,,,,,
3471,144.625,,,,,,
3472,144.6667,,,,,,
3473,144.7083,,,,,,
3474,144.75,,,,,,
3475,144.7917,,,,,,
3476,144.8333,,,,,,
3477,144.875,,,,,,
3478,144.9167,,,,,,
3479,144.9583,,,,,,
3480,145.0,,,,,,
3481,145.0417,,,,,,
3482,145.0833,,,,,,
3483,145.125,,,,,,
3484,145.1667,,,,,,
3485,145.2083,,,,,,
3486,145.25,,,,,,
3487,145.2917,,,,,,
3488,145.3333,,,,,,
3489,145.375,,,,,,
3490,145.4167,,,,,,
3491,145.4583,,,,,,
3492,145.5,,,,,,
3493,145.5417,,,,,,
3494,145.5833,,,,,,
3495,145.625,,,,,,
3496,145.6667,,,,,,
3497,145.7083,,,,,,
3498,145.75,,,,,,
3499,145.7917,221.8,188.8,266.7,267.2,0.195,0
3500,145.8333,223.9,189.6,269.4,267.6,0.2081,0
3501,145.875,226.3,189.5,271.9,268.6,0.3586,0
3502,145.9167,,,,,,
3503,145.9583,,,,,,
3504,146.0,,,,,,
3505,146.0417,250.2,194.9,301.0,277.8,0.3845,0
3506,146.0833,250.4,195.6,302.9,277.4,0.7737,0
3507,146.125,,,,,,
3508,146.1667,,,,,,
3509,146.2083,,,,,,
3510,146.25,,,,,,
3511,146.2917,,,,,,
3512,146.3333,,,,,,
3513,146.375,,,,,,
3514,146.4167,,,,,,
3515,146.4583,,,,,,
3516,146.5,,,,,,
3517,146.5417,309.0,212.4,368.8,297.7,0.3538,0
3518,146.5833,307.5,208.8,366.1,297.7,0.1545,0
3519,146.625,,,,,,
3520,146.6667,,,,,,
3521,146.7083,,,,,,
3522,146.75,,,,,,
3523,146.7917,,,,,,
3524,146.8333,,,,,,
3525,146.875,,,,,,
3526,146.9167,,,,,,
3527,146.9583,,,,,,
3528,147.0,,,,,,
3529,147.0417,,,,,,
3530,147.0833,,,,,,
3531,147.125,,,,,,
3532,147.1667,,,,,,
3533,147.2083,,,,,,
3534,147.25,,,,,,
3535,147.2917,,,,,,
3536,147.3333,,,,,,
3537,147.375,,,,,,
3538,147.4167,,,,,,
3539,147.4583,,,,,,
3540,147.5,,,,,,
3541,147.5417,,,,,,
3542,147.5833,,,,,,
3543,147.625,,,,,,
3544,147.6667,,,,,,
3545,147.7083,,,,,,
3546,147.75,,,,,,
3547,147.7917,,,,,,
3548,147.8333,,,,,,
3549,147.875,,,,,,
3550,147.9167,,,,,,
3551,147.9583,,,,,,
3552,148.0,,,,,,
3553,148.0417,,,,,,
3554,148.0833,,,,,,
3555,148.125,,,,,,
3556,148.1667,,,,,,
3557,148.2083,,,,,,
3558,148.25,,,,,,
3559,148.2917,,,,,,
3560,148.3333,,,,,,
3561,148.375,,,,,,
3562,148.4167,,,,,,
3563,148.4583,,,,,,
3564,148.5,,,,,,
3565,148.5417,,,,,,
3566,148.5833,,,,,,
3567,148.625,,,,,,
3568,148.6667,,,,,,
3569,148.7083,,,,,,
3570,148.75,,,,,,
3571,148.7917,,,,,,
3572,148.8333,,,,,,
3573,148.875,,,,,,
3574,148.9167,,,,,,
3575,148.9583,,,,,,
3576,149.0,,,,,,
3577,149.0417,,,,,,
3578,149.0833,,,,,,
3579,149.125,,,,,,
3580,149.1667,,,,,,
3581,149.2083,,,,,,
3582,149.25,,,,,,
3583,149.2917,,,,,,
3584,149.3333,,,,,,
3585,149.375,,,,,,
3586,149.4167,,,,,,
3587,149.4583,,,,,,
3588,149.5,,,,,,
3589,149.5417,,,,,,
3590,149.5833,,,,,,
3591,149.625,,,,,,
3592,149.6667,,,,,,
3593,149.7083,,,,,,
3594,149.75,,,,,,
3595,149.7917,,,,,,
3596,149.8333,,,,,,
3597,149.875,,,,,,
3598,149.9167,,,,,,
3599,149.9583,,,,,,
3600,150.0,,,,,,
3601,150.0417,,,,,,
3602,150.0833,,,,,,
3603,150.125,,,,,,
3604,150.1667,,,,,,
3605,150.2083,,,,,,
3606,150.25,,,,,,
3607,150.2917,,,,,,
3608,150.3333,,,,,,
3609,150.375,,,,,,
3610,150.4167,,,,,,
3611,150.4583,,,,,,
3612,150.5,,,,,,
3613,150.5417,,,,,,
3614,150.5833,,,,,,
3615,150.625,,,,,,
3616,150.6667,,,,,,
3617,150.7083,,,,,,
3618,150.75,,,,,,
3619,150.7917,,,,,,
3620,150.8333,,,,,,
3621,150.875,,,,,,
3622,150.9167,,,,,,
3623,150.9583,,,,,,
3624,151.0,,,,,,
3625,151.0417,,,,,,
3626,151.0833,,,,,,
3627,151.125,,,,,,
3628,151.1667,,,,,,
3629,151.2083,,,,,,
3630,151.25,,,,,,
3631,151.2917,,,,,,
3632,151.3333,,,,,,
3633,151.375,,,,,,
3634,151.4167,,,,,,
3635,151.4583,,,,,,
3636,151.5,,,,,,
3637,151.5417,,,,,,
3638,151.5833,,,,,,
3639,151.625,,,,,,
3640,151.6667,,,,,,
3641,151.7083,,,,,,
3642,151.75,,,,,,
3643,151.7917,,,,,,
3644,151.8333,,,,,,
3645,151.875,,,,,,
3646,151.9167,,,,,,
3647,151.9583,,,,,,
3648,152.0,,,,,,
3649,152.0417,,,,,,
3650,152.0833,,,,,,
3651,152.125,,,,,,
3652,152.1667,,,,,,
3653,152.2083,,,,,,
3654,152.25,,,,,,
3655,152.2917,,,,,,
3656,152.3333,,,,,,
3657,152.375,,,,,,
3658,152.4167,,,,,,
3659,152.4583,,,,,,
3660,152.5,,,,,,
3661,152.5417,,,,,,
3662,152.5833,,,,,,
3663,152.625,,,,,,
3664,152.6667,,,,,,
3665,152.7083,,,,,,
3666,152.75,,,,,,
3667,152.7917,,,,,,
3668,152.8333,,,,,,
3669,152.875,,,,,,
3670,152.9167,,,,,,
3671,152.9583,,,,,,
3672,153.0,,,,,,
3673,153.0417,,,,,,
3674,153.0833,,,,,,
3675,153.125,,,,,,
3676,153.1667,,,,,,
3677,153.2083,,,,,,
3678,153.25,,,,,,
3679,153.2917,,,,,,
3680,153.3333,,,,,,
3681,153.375,,,,,,
3682,153.4167,,,,,,
3683,153.4583,,,,,,
3684,153.5,,,,,,
3685,153.5417,,,,,,
3686,153.5833,,,,,,
3687,153.625,,,,,,
3688,153.6667,,,,,,
3689,153.7083,,,,,,
3690,153.75,,,,,,
3691,153.7917,,,,,,
3692,153.8333,,,,,,
3693,153.875,,,,,,
3694,153.9167,,,,,,
3695,153.9583,,,,,,
3696,154.0,,,,,,
3697,154.0417,,,,,,
3698,154.0833,,,,,,
3699,154.125,,,,,,
3700,154.1667,,,,,,
3701,154.2083,,,,,,
3702,154.25,,,,,,
3703,154.2917,,,,,,
3704,154.3333,,,,,,
3705,154.375,,,,,,
3706,154.4167,,,,,,
3707,154.4583,,,,,,
3708,154.5,,,,,,
3709,154.5417,,,,,,
3710,154.5833,,,,,,
3711,154.625,,,,,,
3712,154.6667,,,,,,
3713,154.7083,,,,,,
3714,154.75,,,,,,
3715,154.7917,,,,,,
3716,154.8333,,,,,,
3717,154.875,,,,,,
3718,154.9167,,,,,,
3719,154.9583,,,,,,
3720,155.0,,,,,,
3721,155.0417,,,,,,
3722,155.0833,,,,,,
3723,155.125,,,,,,
3724,155.1667,,,,,,
3725,155.2083,,,,,,
3726,155.25,,,,,,
3727,155.2917,,,,,,
3728,155.3333,,,,,,
3729,155.375,,,,,,
3730,155.4167,,,,,,
3731,155.4583,,,,,,
3732,155.5,,,,,,
3733,155.5417,,,,,,
3734,155.5833,,,,,,
3735,155.625,,,,,,
3736,155.6667,,,,,,
3737,155.7083,,,,,,
3738,155.75,,,,,,
3739,155.7917,,,,,,
3740,155.8333,,,,,,
3741,155.875,,,,,,
3742,155.9167,,,,,,
3743,155.9583,,,,,,
3744,156.0,,,,,,
3745,156.0417,,,,,,
3746,156.0833,,,,,,
3747,156.125,,,,,,
3748,156.1667,,,,,,
3749,156.2083,,,,,,
3750,156.25,,,,,,
3751,156.2917,,,,,,
3752,156.3333,,,,,,
3753,156.375,,,,,,
3754,156.4167,,,,,,
3755,156.4583,,,,,,
3756,156.5,,,,,,
3757,156.5417,,,,,,
3758,156.5833,,,,,,
3759,156.625,,,,,,
3760,156.6667,,,,,,
3761,156.7083,,,,,,
3762,156.75,,,,,,
3763,156.7917,,,,,,
3764,156.8333,,,,,,
3765,156.875,,,,,,
3766,156.9167,,,,,,
3767,156.9583,,,,,,
3768,157.0,,,,,,
3769,157.0417,,,,,,
3770,157.0833,,,,,,
3771,157.125,,,,,,
3772,157.1667,,,,,,
3773,157.2083,,,,,,
3774,157.25,,,,,,
3775,157.2917,,,,,,
3776,157.3333,,,,,,
3777,157.375,,,,,,
3778,157.4167,,,,,,
3779,157.4583,,,,,,
3780,157.5,,,,,,
3781,157.5417,,,,,,
3782,157.5833,,,,,,
3783,157.625,,,,,,
3784,157.6667,,,,,,
3785,157.7083,,,,,,
3786,157.75,,,,,,
3787,157.7917,,,,,,
3788,157.8333,,,,,,
3789,157.875,,,,,,
3790,157.9167,,,,,,
3791,157.9583,,,,,,
3792,158.0,,,,,,
3793,158.0417,,,,,,
3794,158.0833,,,,,,
3795,158.125,,,,,,
3796,158.1667,,,,,,
3797,158.2083,,,,,,
3798,158.25,,,,,,
3799,158.2917,,,,,,
3800,158.3333,,,,,,
3801,158.375,,,,,,
3802,158.4167,,,,,,
3803,158.4583,,,,,,
3804,158.5,,,,,,
3805,158.5417,,,,,,
3806,158.5833,,,,,,
3807,158.625,,,,,,
3808,158.6667,,,,,,
3809,158.7083,,,,,,
3810,158.75,,,,,,
3811,158.7917,,,,,,
3812,158.8333,,,,,,
3813,158.875,,,,,,
3814,158.9167,,,,,,
3815,158.9583,,,,,,
3816,159.0,,,,,,
3817,159.0417,,,,,,
3818,159.0833,,,,,,
3819,159.125,,,,,,
3820,159.1667,,,,,,
3821,159.2083,,,,,,
3822,159.25,,,,,,
3823,159.2917,,,,,,
3824,159.3333,,,,,,
3825,159.375,,,,,,
3826,159.4167,,,,,,
3827,159.4583,,,,,,
3828,159.5,,,,,,
3829,159.5417,,,,,,
3830,159.5833,,,,,,
3831,159.625,,,,,,
3832,159.6667,,,,,,
3833,159.7083,,,,,,
3834,159.75,,,,,,
3835,159.7917,,,,,,
3836,159.8333,,,,,,
3837,159.875,,,,,,
3838,159.9167,,,,,,
3839,159.9583,,,,,,
3840,160.0,,,,,,
3841,160.0417,,,,,,
3842,160.0833,,,,,,
3843,160.125,,,,,,
3844,160.1667,,,,,,
3845,160.2083,,,,,,
3846,160.25,,,,,,
3847,160.2917,,,,,,
3848,160.3333,,,,,,
3849,160.375,,,,,,
3850,160.4167,,,,,,
3851,160.4583,,,,,,
3852,160.5,,,,,,
3853,160.5417,,,,,,
3854,160.5833,,,,,,
3855,160.625,,,,,,
3856,160.6667,,,,,,
3857,160.7083,,,,,,
3858,160.75,,,,,,
3859,160.7917,,,,,,
3860,160.8333,,,,,,
3861,160.875,,,,,,
3862,160.9167,,,,,,
3863,160.9583,,,,,,
3864,161.0,,,,,,
3865,161.0417,,,,,,
3866,161.0833,,,,,,
3867,161.125,,,,,,
3868,161.1667,,,,,,
3869,161.2083,,,,,,
3870,161.25,,,,,,
3871,161.2917,,,,,,
3872,161.3333,,,,,,
3873,161.375,,,,,,
3874,161.4167,,,,,,
3875,161.4583,,,,,,
3876,161.5,,,,,,
3877,161.5417,,,,,,
3878,161.5833,,,,,,
3879,161.625,,,,,,
3880,161.6667,,,,,,
3881,161.7083,,,,,,
3882,161.75,,,,,,
3883,161.7917,,,,,,
3884,161.8333,,,,,,
3885,161.875,,,,,,
3886,161.9167,,,,,,
3887,161.9583,,,,,,
3888,162.0,,,,,,
3889,162.0417,,,,,,
3890,162.0833,,,,,,
3891,162.125,,,,,,
3892,162.1667,,,,,,
3893,162.2083,,,,,,
3894,162.25,,,,,,
3895,162.2917,,,,,,
3896,162.3333,,,,,,
3897,162.375,,,,,,
3898,162.4167,,,,,,
3899,162.4583,,,,,,
3900,162.5,,,,,,
3901,162.5417,,,,,,
3902,162.5833,,,,,,
3903,162.625,,,,,,
3904,162.6667,,,,,,
3905,162.7083,,,,,,
3906,162.75,,,,,,
3907,162.7917,,,,,,
3908,162.8333,,,,,,
3909,162.875,,,,,,
3910,162.9167,,,,,,
3911,162.9583,,,,,,
3912,163.0,,,,,,
3913,163.0417,,,,,,
3914,163.0833,,,,,,
3915,163.125,,,,,,
3916,163.1667,,,,,,
3917,163.2083,,,,,,
3918,163.25,,,,,,
3919,163.2917,,,,,,
3920,163.3333,,,,,,
3921,163.375,,,,,,
3922,163.4167,,,,,,
3923,163.4583,,,,,,
3924,163.5,,,,,,
3925,163.5417,,,,,,
3926,163.5833,,,,,,
3927,163.625,,,,,,
3928,163.6667,,,,,,
3929,163.7083,,,,,,
3930,163.75,,,,,,
3931,163.7917,,,,,,
3932,163.8333,,,,,,
3933,163.875,,,,,,
3934,163.9167,,,,,,
3935,163.9583,,,,,,
3936,164.0,,,,,,
3937,164.0417,,,,,,
3938,164.0833,,,,,,
3939,164.125,,,,,,
3940,164.1667,,,,,,
3941,164.2083,,,,,,
3942,164.25,,,,,,
3943,164.2917,,,,,,
3944,164.3333,,,,,,
3945,164.375,,,,,,
3946,164.4167,,,,,,
3947,164.4583,,,,,,
3948,164.5,,,,,,
3949,164.5417,,,,,,
3950,164.5833,,,,,,
3951,164.625,,,,,,
3952,164.6667,,,,,,
3953,164.7083,,,,,,
3954,164.75,,,,,,
3955,164.7917,,,,,,
3956,164.8333,,,,,,
3957,164.875,,,,,,
3958,164.9167,,,,,,
3959,164.9583,,,,,,
3960,165.0,,,,,,
3961,165.0417,,,,,,
3962,165.0833,,,,,,
3963,165.125,,,,,,
3964,165.1667,,,,,,
3965,165.2083,,,,,,
3966,165.25,,,,,,
3967,165.2917,,,,,,
3968,165.3333,,,,,,
3969,165.375,,,,,,
3970,165.4167,,,,,,
3971,165.4583,,,,,,
3972,165.5,,,,,,
3973,165.5417,,,,,,
3974,165.5833,,,,,,
3975,165.625,,,,,,
3976,165.6667,,,,,,
3977,165.7083,,,,,,
3978,165.75,,,,,,
3979,165.7917,,,,,,
3980,165.8333,,,,,,
3981,165.875,,,,,,
3982,165.9167,,,,,,
3983,165.9583,,,,,,
3984,166.0,,,,,,
3985,166.0417,,,,,,
3986,166.0833,,,,,,
3987,166.125,,,,,,
3988,166.1667,,,,,,
3989,166.2083,,,,,,
3990,166.25,,,,,,
3991,166.2917,,,,,,
3992,166.3333,,,,,,
3993,166.375,,,,,,
3994,166.4167,,,,,,
3995,166.4583,,,,,,
3996,166.5,,,,,,
3997,166.5417,,,,,,
3998,166.5833,,,,,,
3999,166.625,,,,,,
4000,166.6667,,,,,,
4001,166.7083,,,,,,
4002,166.75,,,,,,
4003,166.7917,,,,,,
4004,166.8333,,,,,,
4005,166.875,,,,,,
4006,166.9167,,,,,,
4007,166.9583,,,,,,
4008,167.0,,,,,,
4009,167.0417,,,,,,
4010,167.0833,,,,,,
4011,167.125,,,,,,
4012,167.1667,,,,,,
4013,167.2083,,,,,,
4014,167.25,,,,,,
4015,167.2917,,,,,,
4016,167.3333,,,,,,
4017,167.375,,,,,,
4018,167.4167,,,,,,
4019,167.4583,,,,,,
4020,167.5,,,,,,
4021,167.5417,,,,,,
4022,167.5833,,,,,,
4023,167.625,,,,,,
4024,167.6667,,,,,,
4025,167.7083,,,,,,
4026,167.75,,,,,,
4027,167.7917,,,,,,
4028,167.8333,,,,,,
4029,167.875,,,,,,
4030,167.9167,,,,,,
4031,167.9583,,,,,,
4032,168.0,,,,,,
4033,168.0417,,,,,,
4034,168.0833,,,,,,
4035,168.125,,,,,,
4036,168.1667,,,,,,
4037,168.2083,,,,,,
4038,168.25,,,,,,
4039,168.2917,,,,,,
4040,168.3333,,,,,,
4041,168.375,,,,,,
4042,168.4167,,,,,,
4043,168.4583,,,,,,
4044,168.5,,,,,,
4045,168.5417,,,,,,
4046,168.5833,,,,,,
4047,168.625,,,,,,
4048,168.6667,,,,,,
4049,168.7083,,,,,,
4050,168.75,,,,,,
4051,168.7917,,,,,,
4052,168.8333,,,,,,
4053,168.875,,,,,,
4054,168.9167,,,,,,
4055,168.9583,,,,,,
4056,169.0,,,,,,
4057,169.0417,,,,,,
4058,169.0833,,,,,,
4059,169.125,,,,,,
4060,169.1667,,,,,,
4061,169.2083,,,,,,
4062,169.25,,,,,,
4063,169.2917,,,,,,
4064,169.3333,,,,,,
4065,169.375,,,,,,
4066,169.4167,,,,,,
4067,169.4583,,,,,,
4068,169.5,,,,,,
4069,169.5417,,,,,,
4070,169.5833,,,,,,
4071,169.625,,,,,,
4072,169.6667,,,,,,
4073,169.7083,,,,,,
4074,169.75,,,,,,
4075,169.7917,,,,,,
4076,169.8333,,,,,,
4077,169.875,,,,,,
4078,169.9167,,,,,,
4079,169.9583,,,,,,
4080,170.0,,,,,,
4081,170.0417,,,,,,
4082,170.0833,,,,,,
4083,170.125,,,,,,
4084,170.1667,,,,,,
4085,170.2083,,,,,,
4086,170.25,,,,,,
4087,170.2917,,,,,,
4088,170.3333,,,,,,
4089,170.375,,,,,,
4090,170.4167,,,,,,
4091,170.4583,,,,,,
4092,170.5,,,,,,
4093,170.5417,,,,,,
4094,170.5833,,,,,,
4095,170.625,,,,,,
4096,170.6667,,,,,,
4097,170.7083,,,,,,
4098,170.75,,,,,,
4099,170.7917,,,,,,
4100,170.8333,,,,,,
4101,170.875,,,,,,
4102,170.9167,,,,,,
4103,170.9583,,,,,,
4104,171.0,,,,,,
4105,171.0417,,,,,,
4106,171.0833,,,,,,
4107,171.125,,,,,,
4108,171.1667,,,,,,
4109,171.2083,,,,,,
4110,171.25,,,,,,
4111,171.2917,,,,,,
4112,171.3333,,,,,,
4113,171.375,,,,,,
4114,171.4167,,,,,,
4115,171.4583,,,,,,
4116,171.5,,,,,,
4117,171.5417,,,,,,
4118,171.5833,,,,,,
4119,171.625,,,,,,
4120,171.6667,,,,,,
4121,171.7083,,,,,,
4122,171.75,,,,,,
4123,171.7917,,,,,,
4124,171.8333,,,,,,
4125,171.875,,,,,,
4126,171.9167,,,,,,
4127,171.9583,,,,,,
4128,172.0,,,,,,
4129,172.0417,,,,,,
4130,172.0833,,,,,,
4131,172.125,,,,,,
4132,172.1667,,,,,,
4133,172.2083,,,,,,
4134,172.25,,,,,,
4135,172.2917,,,,,,
4136,172.3333,,,,,,
4137,172.375,,,,,,
4138,172.4167,,,,,,
4139,172.4583,,,,,,
4140,172.5,,,,,,
4141,172.5417,,,,,,
4142,172.5833,,,,,,
4143,172.625,,,,,,
4144,172.6667,,,,,,
4145,172.7083,,,,,,
4146,172.75,,,,,,
4147,172.7917,,,,,,
4148,172.8333,,,,,,
4149,172.875,,,,,,
4150,172.9167,,,,,,
4151,172.9583,,,,,,
4152,173.0,,,,,,
4153,173.0417,,,,,,
4154,173.0833,,,,,,
4155,173.125,,,,,,
4156,173.1667,,,,,,
4157,173.2083,,,,,,
4158,173.25,,,,,,
4159,173.2917,,,,,,
4160,173.3333,,,,,,
4161,173.375,,,,,,
4162,173.4167,,,,,,
4163,173.4583,,,,,,
4164,173.5,,,,,,
4165,173.5417,,,,,,
4166,173.5833,,,,,,
4167,173.625,,,,,,
4168,173.6667,,,,,,
4169,173.7083,,,,,,
4170,173.75,,,,,,
4171,173.7917,,,,,,
4172,173.8333,,,,,,
4173,173.875,,,,,,
4174,173.9167,,,,,,
4175,173.9583,,,,,,
4176,174.0,,,,,,
4177,174.0417,,,,,,
4178,174.0833,,,,,,
4179,174.125,,,,,,
4180,174.1667,,,,,,
4181,174.2083,,,,,,
4182,174.25,,,,,,
4183,174.2917,,,,,,
4184,174.3333,,,,,,
4185,174.375,,,,,,
4186,174.4167,,,,,,
4187,174.4583,,,,,,
4188,174.5,,,,,,
4189,174.5417,,,,,,
4190,174.5833,,,,,,
4191,174.625,,,,,,
4192,174.6667,,,,,,
4193,174.7083,,,,,,
4194,174.75,,,,,,
4195,174.7917,,,,,,
4196,174.8333,,,,,,
4197,174.875,,,,,,
4198,174.9167,,,,,,
4199,174.9583,,,,,,
4200,175.0,273.6,437.9,415.8,479.9,0.5057,0
4201,175.0417,259.6,437.4,401.6,480.0,0.3086,0
4202,175.0833,252.2,439.6,388.8,480.0,0.2672,0
4203,175.125,245.7,440.4,388.2,480.0,0.1842,0
4204,175.1667,,,,,,
4205,175.2083,,,,,,
4206,175.25,,,,,,
4207,175.2917,,,,,,
4208,175.3333,,,,,,
4209,175.375,,,,,,
4210,175.4167,,,,,,
4211,175.4583,,,,,,
4212,175.5,,,,,,
4213,175.5417,,,,,,
4214,175.5833,,,,,,
4215,175.625,,,,,,
4216,175.6667,,,,,,
4217,175.7083,,,,,,
4218,175.75,,,,,,
4219,175.7917,,,,,,
4220,175.8333,,,,,,
4221,175.875,,,,,,
4222,175.9167,,,,,,
4223,175.9583,,,,,,
4224,176.0,,,,,,
4225,176.0417,,,,,,
4226,176.0833,,,,,,
4227,176.125,,,,,,
4228,176.1667,,,,,,
4229,176.2083,,,,,,
4230,176.25,,,,,,
4231,176.2917,,,,,,
4232,176.3333,,,,,,
4233,176.375,,,,,,
4234,176.4167,,,,,,
4235,176.4583,,,,,,
4236,176.5,,,,,,
4237,176.5417,,,,,,
4238,176.5833,,,,,,
4239,176.625,,,,,,
4240,176.6667,,,,,,
4241,176.7083,,,,,,
4242,176.75,,,,,,
4243,176.7917,,,,,,
4244,176.8333,,,,,,
4245,176.875,,,,,,
4246,176.9167,,,,,,
4247,176.9583,,,,,,
4248,177.0,,,,,,
4249,177.0417,,,,,,
4250,177.0833,,,,,,
4251,177.125,,,,,,
4252,177.1667,,,,,,
4253,177.2083,,,,,,
4254,177.25,,,,,,
4255,177.2917,,,,,,
4256,177.3333,,,,,,
4257,177.375,,,,,,
4258,177.4167,,,,,,
4259,177.4583,,,,,,
4260,177.5,,,,,,
4261,177.5417,,,,,,
4262,177.5833,,,,,,
4263,177.625,,,,,,
4264,177.6667,,,,,,
4265,177.7083,,,,,,
4266,177.75,,,,,,
4267,177.7917,,,,,,
4268,177.8333,,,,,,
4269,177.875,,,,,,
4270,177.9167,,,,,,
4271,177.9583,,,,,,
4272,178.0,,,,,,
4273,178.0417,,,,,,
4274,178.0833,,,,,,
4275,178.125,,,,,,
4276,178.1667,,,,,,
4277,178.2083,,,,,,
4278,178.25,,,,,,
4279,178.2917,,,,,,
4280,178.3333,,,,,,
4281,178.375,,,,,,
4282,178.4167,,,,,,
4283,178.4583,,,,,,
4284,178.5,,,,,,
4285,178.5417,,,,,,
4286,178.5833,,,,,,
4287,178.625,,,,,,
4288,178.6667,,,,,,
4289,178.7083,,,,,,
4290,178.75,,,,,,
4291,178.7917,,,,,,
4292,178.8333,,,,,,
4293,178.875,,,,,,
4294,178.9167,,,,,,
4295,178.9583,,,,,,
4296,179.0,,,,,,
4297,179.0417,,,,,,
4298,179.0833,,,,,,
4299,179.125,,,,,,
4300,179.1667,,,,,,
4301,179.2083,,,,,,
4302,179.25,,,,,,
4303,179.2917,,,,,,
4304,179.3333,,,,,,
4305,179.375,,,,,,
4306,179.4167,,,,,,
4307,179.4583,,,,,,
4308,179.5,,,,,,
4309,179.5417,,,,,,
4310,179.5833,,,,,,
4311,179.625,,,,,,
4312,179.6667,,,,,,
4313,179.7083,,,,,,
4314,179.75,,,,,,
4315,179.7917,,,,,,
4316,179.8333,,,,,,
4317,179.875,,,,,,
4318,179.9167,,,,,,
4319,179.9583,,,,,,
4320,180.0,,,,,,
4321,180.0417,,,,,,
4322,180.0833,,,,,,
4323,180.125,,,,,,
4324,180.1667,,,,,,
4325,180.2083,,,,,,
4326,180.25,,,,,,
4327,180.2917,,,,,,
4328,180.3333,,,,,,
4329,180.375,,,,,,
4330,180.4167,,,,,,
4331,180.4583,,,,,,
4332,180.5,,,,,,
4333,180.5417,,,,,,
4334,180.5833,,,,,,
4335,180.625,,,,,,
4336,180.6667,,,,,,
4337,180.7083,,,,,,
4338,180.75,,,,,,
4339,180.7917,,,,,,
4340,180.8333,,,,,,
4341,180.875,,,,,,
4342,180.9167,,,,,,
4343,180.9583,,,,,,
4344,181.0,,,,,,
4345,181.0417,,,,,,
4346,181.0833,,,,,,
4347,181.125,,,,,,
4348,181.1667,,,,,,
4349,181.2083,,,,,,
4350,181.25,,,,,,
4351,181.2917,,,,,,
4352,181.3333,,,,,,
4353,181.375,,,,,,
4354,181.4167,,,,,,
4355,181.4583,,,,,,
4356,181.5,,,,,,
4357,181.5417,,,,,,
4358,181.5833,,,,,,
4359,181.625,,,,,,
4360,181.6667,,,,,,
4361,181.7083,,,,,,
4362,181.75,,,,,,
4363,181.7917,,,,,,
4364,181.8333,,,,,,
4365,181.875,,,,,,
4366,181.9167,,,,,,
4367,181.9583,,,,,,
4368,182.0,,,,,,
4369,182.0417,,,,,,
4370,182.0833,,,,,,
4371,182.125,,,,,,
4372,182.1667,,,,,,
4373,182.2083,,,,,,
4374,182.25,,,,,,
4375,182.2917,,,,,,
4376,182.3333,,,,,,
4377,182.375,,,,,,
4378,182.4167,,,,,,
4379,182.4583,,,,,,
4380,182.5,,,,,,
4381,182.5417,,,,,,
4382,182.5833,,,,,,
4383,182.625,,,,,,
4384,182.6667,,,,,,
4385,182.7083,,,,,,
4386,182.75,,,,,,
4387,182.7917,,,,,,
4388,182.8333,,,,,,
4389,182.875,,,,,,
4390,182.9167,,,,,,
4391,182.9583,,,,,,
4392,183.0,,,,,,
4393,183.0417,,,,,,
4394,183.0833,,,,,,
4395,183.125,,,,,,
4396,183.1667,,,,,,
4397,183.2083,,,,,,
4398,183.25,,,,,,
4399,183.2917,,,,,,
4400,183.3333,,,,,,
4401,183.375,,,,,,
4402,183.4167,,,,,,
4403,183.4583,,,,,,
4404,183.5,,,,,,
4405,183.5417,,,,,,
4406,183.5833,,,,,,
4407,183.625,,,,,,
4408,183.6667,,,,,,
4409,183.7083,,,,,,
4410,183.75,,,,,,
4411,183.7917,,,,,,
4412,183.8333,,,,,,
4413,183.875,,,,,,
4414,183.9167,,,,,,
4415,183.9583,,,,,,
4416,184.0,,,,,,
4417,184.0417,,,,,,
4418,184.0833,,,,,,
4419,184.125,,,,,,
4420,184.1667,,,,,,
4421,184.2083,,,,,,
4422,184.25,,,,,,
4423,184.2917,,,,,,
4424,184.3333,,,,,,
4425,184.375,,,,,,
4426,184.4167,,,,,,
4427,184.4583,,,,,,
4428,184.5,,,,,,
4429,184.5417,,,,,,
4430,184.5833,,,,,,
4431,184.625,,,,,,
4432,184.6667,,,,,,
4433,184.7083,,,,,,
4434,184.75,,,,,,
4435,184.7917,,,,,,
4436,184.8333,,,,,,
4437,184.875,,,,,,
4438,184.9167,,,,,,
4439,184.9583,,,,,,
4440,185.0,,,,,,
4441,185.0417,,,,,,
4442,185.0833,,,,,,
4443,185.125,,,,,,
4444,185.1667,,,,,,
4445,185.2083,,,,,,
4446,185.25,,,,,,
4447,185.2917,,,,,,
4448,185.3333,,,,,,
4449,185.375,,,,,,
4450,185.4167,,,,,,
4451,185.4583,,,,,,
4452,185.5,,,,,,
4453,185.5417,,,,,,
4454,185.5833,,,,,,
4455,185.625,,,,,,
4456,185.6667,,,,,,
4457,185.7083,,,,,,
4458,185.75,,,,,,
4459,185.7917,,,,,,
4460,185.8333,,,,,,
4461,185.875,,,,,,
4462,185.9167,,,,,,
4463,185.9583,,,,,,
4464,186.0,,,,,,
4465,186.0417,,,,,,
4466,186.0833,,,,,,
4467,186.125,,,,,,
4468,186.1667,,,,,,
4469,186.2083,,,,,,
4470,186.25,,,,,,
4471,186.2917,,,,,,
4472,186.3333,,,,,,
4473,186.375,,,,,,
4474,186.4167,,,,,,
4475,186.4583,,,,,,
4476,186.5,,,,,,
4477,186.5417,,,,,,
4478,186.5833,,,,,,
4479,186.625,,,,,,
4480,186.6667,,,,,,
4481,186.7083,,,,,,
4482,186.75,,,,,,
4483,186.7917,,,,,,
4484,186.8333,,,,,,
4485,186.875,,,,,,
4486,186.9167,,,,,,
4487,186.9583,,,,,,
4488,187.0,,,,,,
4489,187.0417,,,,,,
4490,187.0833,,,,,,
4491,187.125,,,,,,
4492,187.1667,,,,,,
4493,187.2083,,,,,,
4494,187.25,,,,,,
4495,187.2917,,,,,,
4496,187.3333,,,,,,
4497,187.375,,,,,,
4498,187.4167,,,,,,
4499,187.4583,,,,,,
4500,187.5,,,,,,
4501,187.5417,,,,,,
4502,187.5833,,,,,,
4503,187.625,,,,,,
4504,187.6667,,,,,,
4505,187.7083,,,,,,
4506,187.75,,,,,,
4507,187.7917,,,,,,
4508,187.8333,,,,,,
4509,187.875,,,,,,
4510,187.9167,,,,,,
4511,187.9583,,,,,,
4512,188.0,,,,,,
4513,188.0417,,,,,,
4514,188.0833,,,,,,
4515,188.125,,,,,,
4516,188.1667,,,,,,
4517,188.2083,,,,,,
4518,188.25,,,,,,
4519,188.2917,,,,,,
4520,188.3333,,,,,,
4521,188.375,,,,,,
4522,188.4167,,,,,,
4523,188.4583,,,,,,
4524,188.5,,,,,,
4525,188.5417,,,,,,
4526,188.5833,,,,,,
4527,188.625,,,,,,
4528,188.6667,,,,,,
4529,188.7083,,,,,,
4530,188.75,,,,,,
4531,188.7917,,,,,,
4532,188.8333,,,,,,
4533,188.875,,,,,,
4534,188.9167,,,,,,
4535,188.9583,,,,,,
4536,189.0,,,,,,
4537,189.0417,,,,,,
4538,189.0833,,,,,,
