image,max_conf
dfneg_AoF06724.jpg,0.0
dfneg_AoF06725.jpg,0.0
dfneg_AoF06726.jpg,0.0
dfneg_AoF06727.jpg,0.0
dfneg_AoF06728.jpg,0.0
dfneg_AoF06729.jpg,0.0
dfneg_AoF06731.jpg,0.0820416808128357
dfneg_AoF06732.jpg,0.04313092678785324
dfneg_AoF06736.jpg,0.0
dfneg_AoF06738.jpg,0.0
dfneg_AoF06739.jpg,0.0
dfneg_AoF06740.jpg,0.0
dfneg_AoF06741.jpg,0.0
dfneg_AoF06742.jpg,0.0
dfneg_AoF06745.jpg,0.0
dfneg_AoF06746.jpg,0.0
dfneg_AoF06747.jpg,0.02225673943758011
dfneg_AoF06749.jpg,0.0
dfneg_AoF06750.jpg,0.0
dfneg_AoF06751.jpg,0.010274152271449566
dfneg_AoF06752.jpg,0.0
dfneg_AoF06753.jpg,0.0
dfneg_AoF06754.jpg,0.0
dfneg_AoF06755.jpg,0.0
dfneg_AoF06756.jpg,0.0
dfneg_AoF06757.jpg,0.0
dfneg_AoF06759.jpg,0.0
dfneg_AoF06760.jpg,0.0
dfneg_AoF06761.jpg,0.0
dfneg_AoF06762.jpg,0.0
dfneg_AoF06763.jpg,0.0
dfneg_AoF06764.jpg,0.0
dfneg_AoF06766.jpg,0.0
dfneg_AoF06768.jpg,0.0
dfneg_AoF06769.jpg,0.0
dfneg_AoF06770.jpg,0.0
dfneg_AoF06771.jpg,0.0
dfneg_AoF06772.jpg,0.0
dfneg_AoF06773.jpg,0.0
dfneg_AoF06774.jpg,0.0
dfneg_AoF06776.jpg,0.0
dfneg_AoF06777.jpg,0.0
dfneg_AoF06778.jpg,0.0
dfneg_AoF06779.jpg,0.0
dfneg_AoF06780.jpg,0.0
dfneg_AoF06781.jpg,0.0
dfneg_AoF06782.jpg,0.0
dfneg_AoF06783.jpg,0.0
dfneg_AoF06784.jpg,0.024548685178160667
dfneg_AoF06787.jpg,0.7609696388244629
dfneg_AoF06788.jpg,0.0
dfneg_AoF06789.jpg,0.7137616276741028
dfneg_AoF06790.jpg,0.0
dfneg_AoF06792.jpg,0.04392547160387039
dfneg_AoF06793.jpg,0.03885740786790848
dfneg_AoF06794.jpg,0.030437598004937172
dfneg_AoF06795.jpg,0.07633015513420105
dfneg_AoF06796.jpg,0.0
dfneg_AoF06797.jpg,0.6067250370979309
dfneg_AoF06798.jpg,0.0
dfneg_AoF06799.jpg,0.33174046874046326
dfneg_AoF06800.jpg,0.27685078978538513
dfneg_AoF06801.jpg,0.5819317698478699
dfneg_AoF06802.jpg,0.0
dfneg_AoF06804.jpg,0.4880191385746002
dfneg_AoF06805.jpg,0.019860101863741875
dfneg_AoF06806.jpg,0.0
dfneg_AoF06807.jpg,0.0
dfneg_AoF06808.jpg,0.0
dfneg_AoF06810.jpg,0.02836209163069725
dfneg_AoF06812.jpg,0.47330015897750854
dfneg_AoF06815.jpg,0.0
dfneg_AoF06816.jpg,0.0
dfneg_AoF06817.jpg,0.0
dfneg_AoF06818.jpg,0.0
dfneg_AoF06819.jpg,0.0
dfneg_AoF06820.jpg,0.0
dfneg_AoF06821.jpg,0.0
dfneg_AoF06822.jpg,0.0
dfneg_AoF06823.jpg,0.0
dfneg_AoF06824.jpg,0.0
dfneg_AoF06825.jpg,0.0
dfneg_AoF06826.jpg,0.0
dfneg_AoF06827.jpg,0.0
dfneg_AoF06828.jpg,0.0
dfneg_AoF06830.jpg,0.0
dfneg_AoF06831.jpg,0.0
dfneg_AoF06832.jpg,0.0
dfneg_AoF06833.jpg,0.0
dfneg_AoF06834.jpg,0.0
dfneg_AoF06836.jpg,0.0
dfneg_AoF06837.jpg,0.0
dfneg_AoF06838.jpg,0.0
dfneg_AoF06840.jpg,0.0
dfneg_AoF06842.jpg,0.0
dfneg_AoF06844.jpg,0.0
dfneg_AoF06847.jpg,0.0
dfneg_AoF06848.jpg,0.015889808535575867
dfneg_AoF06849.jpg,0.0
dfneg_AoF06850.jpg,0.0
dfneg_AoF06852.jpg,0.0
dfneg_AoF06853.jpg,0.0
dfneg_AoF06854.jpg,0.0
dfneg_AoF06857.jpg,0.0
dfneg_AoF06860.jpg,0.0
dfneg_AoF06861.jpg,0.0
dfneg_AoF06862.jpg,0.0
dfneg_AoF06863.jpg,0.0
dfneg_AoF06864.jpg,0.0
dfneg_AoF06865.jpg,0.0
dfneg_AoF06866.jpg,0.014925883151590824
dfneg_AoF06867.jpg,0.0
dfneg_AoF06868.jpg,0.0
dfneg_AoF06870.jpg,0.0
dfneg_AoF06871.jpg,0.0
dfneg_AoF06872.jpg,0.01639147289097309
dfneg_AoF06873.jpg,0.016068408265709877
dfneg_AoF06876.jpg,0.0
dfneg_AoF06877.jpg,0.32671284675598145
dfneg_AoF06878.jpg,0.0
dfneg_AoF06879.jpg,0.0
dfneg_AoF06880.jpg,0.0
dfneg_AoF06881.jpg,0.015420169569551945
dfneg_AoF06882.jpg,0.018563540652394295
dfneg_AoF06883.jpg,0.0
dfneg_AoF06885.jpg,0.0
dfneg_AoF06886.jpg,0.0
dfneg_AoF06888.jpg,0.0
dfneg_AoF06889.jpg,0.0
dfneg_AoF06890.jpg,0.0
dfneg_AoF06891.jpg,0.0
dfneg_AoF06893.jpg,0.0
dfneg_AoF06894.jpg,0.0
dfneg_AoF06895.jpg,0.0
dfneg_AoF06896.jpg,0.0
dfneg_AoF06897.jpg,0.0
dfneg_AoF06898.jpg,0.0
dfneg_AoF06899.jpg,0.0
dfneg_AoF06900.jpg,0.0
dfneg_AoF06901.jpg,0.0
dfneg_AoF06902.jpg,0.0
dfneg_AoF06903.jpg,0.0
dfneg_AoF06904.jpg,0.0
dfneg_AoF06905.jpg,0.0
dfneg_AoF06907.jpg,0.0
dfneg_AoF06908.jpg,0.0
dfneg_AoF06909.jpg,0.0
dfneg_AoF06911.jpg,0.0
dfneg_AoF06912.jpg,0.0
dfneg_AoF06913.jpg,0.0
dfneg_AoF06915.jpg,0.0
dfneg_AoF06916.jpg,0.0
dfneg_AoF06920.jpg,0.0
dfneg_AoF06921.jpg,0.0
dfneg_AoF06923.jpg,0.0
dfneg_AoF06924.jpg,0.0
dfneg_AoF06925.jpg,0.0
dfneg_AoF06926.jpg,0.010650486685335636
dfneg_AoF06927.jpg,0.0
dfneg_AoF06928.jpg,0.0
dfneg_AoF06929.jpg,0.0
dfneg_AoF06931.jpg,0.0
dfneg_AoF06932.jpg,0.0
dfneg_AoF06933.jpg,0.0
dfneg_AoF06937.jpg,0.0
dfneg_AoF06940.jpg,0.0
dfneg_AoF06941.jpg,0.0
dfneg_AoF06942.jpg,0.0
dfneg_AoF06943.jpg,0.0
dfneg_AoF06944.jpg,0.0
dfneg_AoF06946.jpg,0.0
dfneg_AoF06947.jpg,0.0
dfneg_AoF06950.jpg,0.0
dfneg_AoF06951.jpg,0.0
dfneg_AoF06953.jpg,0.0
dfneg_AoF06954.jpg,0.0
dfneg_AoF06955.jpg,0.0
dfneg_AoF06956.jpg,0.0
dfneg_AoF06958.jpg,0.0
dfneg_AoF06959.jpg,0.0
dfneg_AoF06960.jpg,0.0
dfneg_AoF06961.jpg,0.0
dfneg_AoF06963.jpg,0.0
dfneg_AoF06964.jpg,0.0
dfneg_AoF06965.jpg,0.0
dfneg_AoF06967.jpg,0.0
dfneg_AoF06968.jpg,0.0
dfneg_AoF06969.jpg,0.0
dfneg_AoF06970.jpg,0.0
dfneg_AoF06971.jpg,0.0
dfneg_AoF06972.jpg,0.02337651327252388
dfneg_AoF06974.jpg,0.0
dfneg_AoF06975.jpg,0.05581776425242424
dfneg_AoF06976.jpg,0.0
dfneg_AoF06981.jpg,0.0
dfneg_AoF06983.jpg,0.01223568432033062
dfneg_AoF06984.jpg,0.0
dfneg_AoF06985.jpg,0.0
dfneg_AoF06987.jpg,0.0
dfneg_AoF06988.jpg,0.0
dfneg_AoF06989.jpg,0.0
dfneg_AoF06990.jpg,0.0
dfneg_AoF06992.jpg,0.0
dfneg_AoF06993.jpg,0.0
dfneg_AoF06994.jpg,0.0
dfneg_AoF06995.jpg,0.0
dfneg_AoF06996.jpg,0.0
dfneg_AoF06997.jpg,0.0
dfneg_AoF06999.jpg,0.0
dfneg_AoF07002.jpg,0.0
dfneg_AoF07003.jpg,0.0
dfneg_AoF07004.jpg,0.0
dfneg_AoF07006.jpg,0.0
dfneg_AoF07009.jpg,0.0
dfneg_AoF07010.jpg,0.0
dfneg_AoF07011.jpg,0.0
dfneg_AoF07013.jpg,0.0
dfneg_AoF07014.jpg,0.0
dfneg_AoF07015.jpg,0.0
dfneg_AoF07016.jpg,0.0
dfneg_AoF07017.jpg,0.0
dfneg_AoF07019.jpg,0.0
dfneg_AoF07020.jpg,0.0
dfneg_AoF07021.jpg,0.0
dfneg_AoF07022.jpg,0.0
dfneg_AoF07023.jpg,0.0
dfneg_AoF07024.jpg,0.0
dfneg_AoF07025.jpg,0.0
dfneg_AoF07026.jpg,0.0
dfneg_AoF07028.jpg,0.0
dfneg_AoF07029.jpg,0.0
dfneg_AoF07030.jpg,0.0
dfneg_AoF07032.jpg,0.0
dfneg_AoF07034.jpg,0.013859515078365803
dfneg_AoF07035.jpg,0.013870611786842346
dfneg_AoF07036.jpg,0.0
dfneg_AoF07037.jpg,0.0
dfneg_AoF07039.jpg,0.0
dfneg_AoF07041.jpg,0.0
dfneg_AoF07042.jpg,0.0
dfneg_AoF07044.jpg,0.08285004645586014
dfneg_AoF07045.jpg,0.22556953132152557
dfneg_AoF07047.jpg,0.014622903428971767
dfneg_AoF07048.jpg,0.0
dfneg_AoF07049.jpg,0.0
dfneg_AoF07050.jpg,0.0
dfneg_AoF07051.jpg,0.0
dfneg_AoF07052.jpg,0.0
dfneg_AoF07054.jpg,0.0
dfneg_AoF07055.jpg,0.0
dfneg_AoF07056.jpg,0.21611306071281433
dfneg_AoF07058.jpg,0.0
dfneg_AoF07060.jpg,0.0
dfneg_AoF07061.jpg,0.05271892249584198
dfneg_AoF07062.jpg,0.0
dfneg_AoF07063.jpg,0.0
dfneg_AoF07064.jpg,0.21649426221847534
dfneg_AoF07066.jpg,0.0
dfneg_AoF07068.jpg,0.19467437267303467
dfneg_AoF07069.jpg,0.04999472573399544
dfneg_AoF07070.jpg,0.6105198860168457
dfneg_AoF07071.jpg,0.5519738793373108
dfneg_AoF07072.jpg,0.0
dfneg_AoF07073.jpg,0.23207473754882812
dfneg_AoF07075.jpg,0.0
dfneg_AoF07076.jpg,0.11347105354070663
dfneg_AoF07077.jpg,0.0
dfneg_AoF07078.jpg,0.1126624345779419
dfneg_AoF07079.jpg,0.0
dfneg_AoF07080.jpg,0.6981047987937927
dfneg_AoF07081.jpg,0.43955516815185547
dfneg_AoF07083.jpg,0.017026176676154137
dfneg_AoF07084.jpg,0.012963344343006611
dfneg_AoF07085.jpg,0.04935915395617485
dfneg_AoF07086.jpg,0.0
dfneg_AoF07088.jpg,0.0
dfneg_AoF07091.jpg,0.6147292256355286
dfneg_AoF07092.jpg,0.0
dfneg_AoF07093.jpg,0.07462568581104279
dfneg_AoF07094.jpg,0.0
dfneg_AoF07095.jpg,0.011254644021391869
dfneg_AoF07096.jpg,0.0
dfneg_AoF07097.jpg,0.0
dfneg_AoF07100.jpg,0.0
dfneg_AoF07102.jpg,0.019415834918618202
dfneg_AoF07103.jpg,0.03554698824882507
dfneg_AoF07105.jpg,0.011019950732588768
dfneg_AoF07106.jpg,0.0
dfneg_AoF07107.jpg,0.06250955164432526
dfneg_AoF07108.jpg,0.0
dfneg_AoF07110.jpg,0.03384275734424591
dfneg_AoF07112.jpg,0.620233416557312
dfneg_AoF07113.jpg,0.0
dfneg_AoF07114.jpg,0.05488312244415283
dfneg_AoF07115.jpg,0.018529966473579407
dfneg_AoF07116.jpg,0.01595105230808258
dfneg_AoF07117.jpg,0.04409134387969971
dfneg_AoF07118.jpg,0.05143542215228081
dfneg_AoF07120.jpg,0.0
dfneg_AoF07121.jpg,0.0
dfneg_AoF07122.jpg,0.12048084288835526
dfneg_AoF07124.jpg,0.0
dfneg_AoF07126.jpg,0.0
dfneg_AoF07127.jpg,0.0
dfneg_AoF07128.jpg,0.0
dfneg_AoF07129.jpg,0.012464611791074276
dfneg_AoF07130.jpg,0.0
dfneg_AoF07133.jpg,0.08915195614099503
dfneg_AoF07134.jpg,0.14677400887012482
dfneg_AoF07135.jpg,0.0
dfneg_AoF07136.jpg,0.0
dfneg_AoF07137.jpg,0.0
dfneg_AoF07138.jpg,0.0
dfneg_AoF07139.jpg,0.0
dfneg_AoF07140.jpg,0.0
dfneg_AoF07141.jpg,0.0
dfneg_AoF07143.jpg,0.0
dfneg_AoF07144.jpg,0.0
dfneg_AoF07145.jpg,0.0
dfneg_AoF07146.jpg,0.0
dfneg_AoF07147.jpg,0.0
dfneg_AoF07148.jpg,0.0
dfneg_AoF07149.jpg,0.0
dfneg_AoF07150.jpg,0.0
dfneg_AoF07153.jpg,0.0
dfneg_AoF07154.jpg,0.0
dfneg_AoF07155.jpg,0.0
dfneg_AoF07156.jpg,0.0
dfneg_AoF07157.jpg,0.0
dfneg_AoF07158.jpg,0.0
dfneg_AoF07159.jpg,0.0
dfneg_AoF07161.jpg,0.0
dfneg_AoF07162.jpg,0.0
dfneg_AoF07163.jpg,0.0
dfneg_AoF07165.jpg,0.0
dfneg_AoF07166.jpg,0.0
dfneg_AoF07170.jpg,0.0
dfneg_AoF07172.jpg,0.0
dfneg_AoF07173.jpg,0.0
dfneg_AoF07175.jpg,0.0
dfneg_AoF07176.jpg,0.0
dfneg_AoF07177.jpg,0.0
dfneg_AoF07178.jpg,0.24841050803661346
dfneg_AoF07179.jpg,0.4407172203063965
dfneg_AoF07180.jpg,0.0
dfneg_AoF07181.jpg,0.0
dfneg_AoF07182.jpg,0.0
dfneg_AoF07185.jpg,0.0
dfneg_AoF07186.jpg,0.0
dfneg_AoF07187.jpg,0.017585843801498413
dfneg_AoF07188.jpg,0.0
dfneg_AoF07189.jpg,0.5944903492927551
dfneg_AoF07190.jpg,0.5287898182868958
dfneg_AoF07191.jpg,0.0
dfneg_AoF07192.jpg,0.8461679816246033
dfneg_AoF07194.jpg,0.814103901386261
dfneg_AoF07195.jpg,0.0
dfneg_AoF07196.jpg,0.014319158159196377
dfneg_AoF07197.jpg,0.7020217776298523
dfneg_AoF07199.jpg,0.7230704426765442
dfneg_AoF07200.jpg,0.34769392013549805
dfneg_AoF07204.jpg,0.0
dfneg_AoF07205.jpg,0.0
dfneg_AoF07206.jpg,0.0
dfneg_AoF07207.jpg,0.0
dfneg_AoF07208.jpg,0.0
dfneg_AoF07209.jpg,0.0
dfneg_AoF07210.jpg,0.0
dfneg_AoF07211.jpg,0.16683462262153625
dfneg_AoF07213.jpg,0.06859572231769562
dfneg_AoF07214.jpg,0.0
dfneg_AoF07215.jpg,0.0
dfneg_AoF07217.jpg,0.42604196071624756
dfneg_AoF07218.jpg,0.34306269884109497
dfneg_AoF07219.jpg,0.4177209734916687
dfneg_AoF07220.jpg,0.6624655723571777
dfneg_AoF07221.jpg,0.6930012106895447
dfneg_AoF07223.jpg,0.6369196772575378
dfneg_AoF07224.jpg,0.0
dfneg_AoF07226.jpg,0.6643489599227905
dfneg_AoF07227.jpg,0.6977444887161255
dfneg_AoF07228.jpg,0.7033421397209167
dfneg_AoF07229.jpg,0.7145148515701294
dfneg_AoF07230.jpg,0.6836493015289307
dfneg_AoF07231.jpg,0.6545689702033997
dfneg_AoF07232.jpg,0.6700202822685242
dfneg_AoF07233.jpg,0.0
dfneg_AoF07234.jpg,0.6467478275299072
dfneg_AoF07239.jpg,0.0
dfneg_AoF07240.jpg,0.4956322908401489
dfneg_AoF07241.jpg,0.5502769351005554
dfneg_AoF07242.jpg,0.0
dfneg_AoF07243.jpg,0.0
dfneg_AoF07244.jpg,0.0
dfneg_AoF07245.jpg,0.0
dfneg_AoF07246.jpg,0.0
dfneg_AoF07247.jpg,0.0
dfneg_AoF07248.jpg,0.12256873399019241
dfneg_AoF07250.jpg,0.010944891721010208
dfneg_AoF07251.jpg,0.07714720815420151
dfneg_AoF07254.jpg,0.0
dfneg_AoF07255.jpg,0.0
dfneg_AoF07257.jpg,0.0
dfneg_AoF07258.jpg,0.0
dfneg_AoF07259.jpg,0.0
dfneg_AoF07261.jpg,0.0
dfneg_AoF07262.jpg,0.0
dfneg_AoF07263.jpg,0.0
dfneg_AoF07264.jpg,0.0
dfneg_AoF07265.jpg,0.0
dfneg_AoF07266.jpg,0.0
dfneg_AoF07267.jpg,0.0
dfneg_AoF07268.jpg,0.09488381445407867
dfneg_AoF07269.jpg,0.0
dfneg_AoF07270.jpg,0.0
dfneg_AoF07271.jpg,0.0
dfneg_AoF07272.jpg,0.0
dfneg_AoF07273.jpg,0.0
dfneg_AoF07275.jpg,0.0
dfneg_AoF07279.jpg,0.0
dfneg_AoF07280.jpg,0.0
dfneg_AoF07281.jpg,0.010340027511119843
dfneg_AoF07282.jpg,0.02356412261724472
dfneg_AoF07283.jpg,0.0
dfneg_AoF07284.jpg,0.0
dfneg_AoF07285.jpg,0.0
dfneg_AoF07286.jpg,0.0
dfneg_AoF07287.jpg,0.0
dfneg_AoF07289.jpg,0.0
dfneg_AoF07290.jpg,0.0
dfneg_AoF07291.jpg,0.01347219105809927
dfneg_AoF07292.jpg,0.11654666811227798
dfneg_AoF07294.jpg,0.03609953448176384
dfneg_AoF07295.jpg,0.0
dfneg_AoF07296.jpg,0.0
dfneg_AoF07297.jpg,0.0
dfneg_AoF07300.jpg,0.0
dfneg_AoF07302.jpg,0.0
dfneg_AoF07303.jpg,0.0
dfneg_AoF07304.jpg,0.0
dfneg_AoF07306.jpg,0.0
dfneg_AoF07307.jpg,0.0
dfneg_AoF07310.jpg,0.15262635052204132
dfneg_AoF07311.jpg,0.4085747003555298
dfneg_AoF07314.jpg,0.0
dfneg_AoF07316.jpg,0.0
dfneg_AoF07318.jpg,0.0
dfneg_AoF07320.jpg,0.0
dfneg_AoF07321.jpg,0.0
dfneg_AoF07322.jpg,0.053072188049554825
dfneg_AoF07323.jpg,0.045638374984264374
dfneg_AoF07325.jpg,0.0
dfneg_AoF07326.jpg,0.0
dfneg_AoF07327.jpg,0.0
dfneg_AoF07328.jpg,0.0
dfneg_AoF07330.jpg,0.0
dfneg_AoF07333.jpg,0.0
dfneg_AoF07334.jpg,0.0
dfneg_AoF07335.jpg,0.06342858076095581
dfneg_AoF07336.jpg,0.014044757932424545
dfneg_AoF07338.jpg,0.10929005593061447
dfneg_AoF07339.jpg,0.05747416242957115
dfneg_AoF07340.jpg,0.2957344651222229
dfneg_AoF07342.jpg,0.0
dfneg_AoF07343.jpg,0.0
dfneg_AoF07344.jpg,0.02487959712743759
dfneg_AoF07345.jpg,0.0
dfneg_AoF07346.jpg,0.0
dfneg_AoF07347.jpg,0.0
dfneg_AoF07348.jpg,0.012571836821734905
dfneg_AoF07349.jpg,0.0
dfneg_AoF07350.jpg,0.0
dfneg_AoF07351.jpg,0.0
dfneg_AoF07352.jpg,0.0
dfneg_AoF07353.jpg,0.012898234650492668
dfneg_AoF07354.jpg,0.026798808947205544
dfneg_AoF07355.jpg,0.015970036387443542
dfneg_AoF07357.jpg,0.0
dfneg_AoF07358.jpg,0.0
dfneg_AoF07359.jpg,0.0
dfneg_AoF07362.jpg,0.0
dfneg_AoF07363.jpg,0.0
dfneg_AoF07364.jpg,0.1534613072872162
dfneg_AoF07365.jpg,0.0
dfneg_AoF07366.jpg,0.0
dfneg_AoF07367.jpg,0.0
dfneg_AoF07368.jpg,0.0
dfneg_AoF07369.jpg,0.0
dfneg_AoF07370.jpg,0.0
dfneg_AoF07371.jpg,0.0
dfneg_AoF07373.jpg,0.0
dfneg_AoF07375.jpg,0.0
dfneg_AoF07376.jpg,0.0
dfneg_AoF07377.jpg,0.0
dfneg_AoF07378.jpg,0.0
dfneg_AoF07380.jpg,0.0
dfneg_AoF07381.jpg,0.0
dfneg_AoF07383.jpg,0.0
dfneg_AoF07385.jpg,0.0
dfneg_AoF07386.jpg,0.010705397464334965
dfneg_AoF07387.jpg,0.0
dfneg_AoF07390.jpg,0.1956755816936493
dfneg_AoF07392.jpg,0.5807196497917175
dfneg_AoF07393.jpg,0.5173122882843018
dfneg_AoF07394.jpg,0.49073469638824463
dfneg_AoF07397.jpg,0.7664677500724792
dfneg_AoF07398.jpg,0.4846895933151245
dfneg_AoF07399.jpg,0.16890600323677063
dfneg_AoF07400.jpg,0.1908414363861084
dfneg_AoF07401.jpg,0.6286290884017944
dfneg_AoF07402.jpg,0.6414951086044312
dfneg_AoF07404.jpg,0.4083620011806488
dfneg_AoF07406.jpg,0.2838202714920044
dfneg_AoF07407.jpg,0.2006170153617859
dfneg_AoF07408.jpg,0.109940305352211
dfneg_AoF07409.jpg,0.04132617264986038
dfneg_AoF07410.jpg,0.14731146395206451
dfneg_AoF07411.jpg,0.12129418551921844
dfneg_AoF07412.jpg,0.0
dfneg_AoF07414.jpg,0.2037273347377777
dfneg_AoF07415.jpg,0.14504869282245636
dfneg_AoF07416.jpg,0.0856235921382904
dfneg_AoF07418.jpg,0.0
dfneg_AoF07419.jpg,0.0
dfneg_AoF07420.jpg,0.0
dfneg_AoF07422.jpg,0.0
dfneg_AoF07423.jpg,0.0
dfneg_AoF07425.jpg,0.0
dfneg_AoF07426.jpg,0.0
dfneg_AoF07428.jpg,0.016103079542517662
dfneg_AoF07429.jpg,0.0
dfneg_AoF07431.jpg,0.0
dfneg_AoF07433.jpg,0.0
dfneg_AoF07434.jpg,0.0
dfneg_AoF07438.jpg,0.0
dfneg_AoF07440.jpg,0.0
dfneg_AoF07441.jpg,0.0
dfneg_AoF07444.jpg,0.014475532807409763
dfneg_AoF07445.jpg,0.0
dfneg_AoF07446.jpg,0.0
dfneg_AoF07447.jpg,0.0
dfneg_AoF07448.jpg,0.0
dfneg_AoF07449.jpg,0.0
dfneg_AoF07450.jpg,0.0
dfneg_AoF07451.jpg,0.0
dfneg_AoF07452.jpg,0.0
dfneg_AoF07453.jpg,0.0
dfneg_AoF07455.jpg,0.0
dfneg_AoF07456.jpg,0.024960283190011978
dfneg_AoF07457.jpg,0.0
dfneg_AoF07458.jpg,0.0
dfneg_AoF07460.jpg,0.0
dfneg_AoF07461.jpg,0.0
dfneg_AoF07462.jpg,0.026043474674224854
dfneg_AoF07463.jpg,0.0
dfneg_AoF07464.jpg,0.0
dfneg_AoF07465.jpg,0.011021602898836136
dfneg_AoF07467.jpg,0.0
dfneg_AoF07468.jpg,0.0
dfneg_AoF07469.jpg,0.017680294811725616
dfneg_AoF07470.jpg,0.01900191605091095
dfneg_AoF07471.jpg,0.010379998944699764
dfneg_AoF07472.jpg,0.01310676708817482
dfneg_AoF07473.jpg,0.0
dfneg_AoF07476.jpg,0.0
dfneg_AoF07477.jpg,0.010813881643116474
dfneg_AoF07478.jpg,0.0
dfneg_AoF07479.jpg,0.0
dfneg_AoF07480.jpg,0.0
dfneg_AoF07481.jpg,0.03866720572113991
dfneg_AoF07483.jpg,0.012640401721000671
dfneg_AoF07484.jpg,0.010356977581977844
dfneg_AoF07485.jpg,0.0
dfneg_AoF07486.jpg,0.0
dfneg_AoF07487.jpg,0.0
dfneg_AoF07489.jpg,0.0
dfneg_AoF07490.jpg,0.0
dfneg_AoF07491.jpg,0.010294537991285324
dfneg_AoF07493.jpg,0.0
dfneg_AoF07494.jpg,0.0
dfneg_AoF07495.jpg,0.0
dfneg_AoF07496.jpg,0.020653309300541878
dfneg_AoF07497.jpg,0.0
dfneg_AoF07499.jpg,0.03849660977721214
dfneg_AoF07501.jpg,0.0
dfneg_AoF07502.jpg,0.0
dfneg_AoF07503.jpg,0.017258556559681892
dfneg_AoF07505.jpg,0.0
dfneg_AoF07508.jpg,0.0
dfneg_AoF07509.jpg,0.0
dfneg_AoF07510.jpg,0.0
dfneg_AoF07511.jpg,0.0
dfneg_AoF07512.jpg,0.0
dfneg_AoF07513.jpg,0.0
dfneg_AoF07514.jpg,0.0
dfneg_AoF07515.jpg,0.0
dfneg_AoF07516.jpg,0.0
dfneg_AoF07518.jpg,0.0
dfneg_AoF07519.jpg,0.3990592360496521
dfneg_AoF07520.jpg,0.5168457627296448
dfneg_AoF07521.jpg,0.0
dfneg_AoF07522.jpg,0.7972359657287598
dfneg_AoF07523.jpg,0.01004808023571968
dfneg_AoF07524.jpg,0.0
dfneg_AoF07525.jpg,0.0
dfneg_AoF07526.jpg,0.0
dfneg_AoF07528.jpg,0.0
dfneg_AoF07530.jpg,0.0
dfneg_AoF07531.jpg,0.0
dfneg_AoF07532.jpg,0.0
dfneg_AoF07533.jpg,0.0
dfneg_AoF07534.jpg,0.0
dfneg_AoF07538.jpg,0.0
dfneg_AoF07539.jpg,0.0
dfneg_AoF07540.jpg,0.0
dfneg_AoF07541.jpg,0.0
dfneg_AoF07542.jpg,0.0
dfneg_AoF07543.jpg,0.0
dfneg_AoF07545.jpg,0.0
dfneg_AoF07546.jpg,0.0
dfneg_AoF07547.jpg,0.35859230160713196
dfneg_AoF07549.jpg,0.0
dfneg_AoF07550.jpg,0.0
dfneg_AoF07551.jpg,0.0
dfneg_AoF07552.jpg,0.0
dfneg_AoF07553.jpg,0.0
dfneg_AoF07555.jpg,0.0
dfneg_AoF07556.jpg,0.0
dfneg_AoF07557.jpg,0.0
dfneg_AoF07558.jpg,0.0
dfneg_AoF07559.jpg,0.0
dfneg_AoF07560.jpg,0.0
dfneg_AoF07561.jpg,0.0
dfneg_AoF07563.jpg,0.01301830168813467
dfneg_AoF07564.jpg,0.013048646971583366
dfneg_AoF07565.jpg,0.0
dfneg_AoF07566.jpg,0.0
dfneg_AoF07567.jpg,0.0
dfneg_AoF07568.jpg,0.0
dfneg_AoF07569.jpg,0.0
dfneg_AoF07570.jpg,0.0
dfneg_AoF07571.jpg,0.0
dfneg_AoF07572.jpg,0.0
dfneg_AoF07573.jpg,0.02771904319524765
dfneg_AoF07574.jpg,0.044247474521398544
dfneg_AoF07575.jpg,0.02681812085211277
dfneg_AoF07577.jpg,0.24640025198459625
dfneg_AoF07579.jpg,0.10814222693443298
dfneg_AoF07582.jpg,0.14468689262866974
dfneg_AoF07583.jpg,0.18839848041534424
dfneg_AoF07584.jpg,0.06651396304368973
dfneg_AoF07585.jpg,0.4681260883808136
dfneg_AoF07586.jpg,0.16368785500526428
dfneg_AoF07587.jpg,0.036416102200746536
dfneg_AoF07588.jpg,0.0
dfneg_AoF07590.jpg,0.0
dfneg_AoF07592.jpg,0.0
dfneg_AoF07593.jpg,0.0
dfneg_AoF07597.jpg,0.0
dfneg_AoF07598.jpg,0.0
dfneg_AoF07599.jpg,0.0
dfneg_AoF07600.jpg,0.0
dfneg_AoF07602.jpg,0.0
dfneg_AoF07603.jpg,0.0
dfneg_AoF07604.jpg,0.0
dfneg_AoF07605.jpg,0.0
dfneg_AoF07607.jpg,0.0
dfneg_AoF07608.jpg,0.0
dfneg_AoF07609.jpg,0.0
dfneg_AoF07611.jpg,0.0
dfneg_AoF07612.jpg,0.0
dfneg_AoF07613.jpg,0.0
dfneg_AoF07614.jpg,0.0
dfneg_AoF07620.jpg,0.0
dfneg_AoF07624.jpg,0.0
dfneg_AoF07625.jpg,0.0
dfneg_AoF07626.jpg,0.0
dfneg_AoF07627.jpg,0.0
dfneg_AoF07628.jpg,0.0
dfneg_AoF07629.jpg,0.0
dfneg_AoF07631.jpg,0.0
dfneg_AoF07632.jpg,0.0
dfneg_AoF07634.jpg,0.0
dfneg_AoF07635.jpg,0.0
dfneg_AoF07637.jpg,0.0
dfneg_AoF07638.jpg,0.0
dfneg_AoF07639.jpg,0.0
dfneg_AoF07640.jpg,0.0
dfneg_AoF07641.jpg,0.0
dfneg_AoF07642.jpg,0.0
dfneg_AoF07643.jpg,0.015631258487701416
dfneg_AoF07645.jpg,0.0
dfneg_AoF07646.jpg,0.027729442343115807
dfneg_AoF07647.jpg,0.0
dfneg_AoF07649.jpg,0.5245946049690247
dfneg_AoF07650.jpg,0.0
dfneg_AoF07651.jpg,0.07629566639661789
dfneg_AoF07653.jpg,0.0
dfneg_AoF07654.jpg,0.0
dfneg_AoF07655.jpg,0.0
dfneg_AoF07658.jpg,0.0
dfneg_AoF07659.jpg,0.0
dfneg_AoF07660.jpg,0.0
dfneg_AoF07661.jpg,0.0
dfneg_AoF07662.jpg,0.010948041453957558
dfneg_AoF07663.jpg,0.0
dfneg_AoF07665.jpg,0.0
dfneg_AoF07666.jpg,0.0
dfneg_AoF07667.jpg,0.0
dfneg_AoF07668.jpg,0.0
dfneg_AoF07669.jpg,0.0
dfneg_AoF07670.jpg,0.0
dfneg_AoF07671.jpg,0.0
dfneg_AoF07674.jpg,0.0
dfneg_AoF07675.jpg,0.0
dfneg_AoF07677.jpg,0.0
dfneg_AoF07678.jpg,0.11589439958333969
dfneg_AoF07679.jpg,0.1737041473388672
dfneg_AoF07680.jpg,0.07391107082366943
dfneg_AoF07682.jpg,0.0
dfneg_AoF07683.jpg,0.0
dfneg_AoF07686.jpg,0.0
dfneg_AoF07687.jpg,0.0
dfneg_AoF07688.jpg,0.0
dfneg_AoF07689.jpg,0.0
dfneg_AoF07690.jpg,0.0
dfneg_AoF07691.jpg,0.0
dfneg_AoF07693.jpg,0.0
dfneg_AoF07694.jpg,0.029591960832476616
dfneg_AoF07696.jpg,0.0
dfneg_AoF07697.jpg,0.0
dfneg_AoF07699.jpg,0.0
dfneg_AoF07701.jpg,0.0
dfneg_AoF07702.jpg,0.0
dfneg_AoF07703.jpg,0.010585685260593891
dfneg_AoF07706.jpg,0.0
dfneg_AoF07707.jpg,0.0
dfneg_AoF07708.jpg,0.0
dfneg_AoF07709.jpg,0.0
dfneg_AoF07711.jpg,0.0
dfneg_AoF07712.jpg,0.0
dfneg_AoF07713.jpg,0.0
dfneg_AoF07714.jpg,0.0
dfneg_AoF07715.jpg,0.0
dfneg_AoF07716.jpg,0.0
dfneg_AoF07717.jpg,0.0
dfneg_AoF08270.jpg,0.0
dfneg_AoF08351.jpg,0.0
dfneg_PublicDataset01286.jpg,0.5445476174354553
dfneg_PublicDataset01287.jpg,0.0
dfneg_PublicDataset01288.jpg,0.031058596447110176
dfneg_PublicDataset01289.jpg,0.0
dfneg_PublicDataset01290.jpg,0.0
dfneg_PublicDataset01291.jpg,0.0
dfneg_PublicDataset01293.jpg,0.0
dfneg_PublicDataset01295.jpg,0.0
dfneg_PublicDataset01297.jpg,0.0
dfneg_PublicDataset01298.jpg,0.0
dfneg_PublicDataset01299.jpg,0.0
dfneg_PublicDataset01300.jpg,0.0
dfneg_PublicDataset01301.jpg,0.043813854455947876
dfneg_PublicDataset01302.jpg,0.0
dfneg_PublicDataset01303.jpg,0.0
dfneg_PublicDataset01304.jpg,0.0
dfneg_PublicDataset01305.jpg,0.0
dfneg_PublicDataset01306.jpg,0.0
dfneg_PublicDataset01308.jpg,0.0
dfneg_PublicDataset01309.jpg,0.0
dfneg_PublicDataset01310.jpg,0.0
dfneg_PublicDataset01312.jpg,0.0
dfneg_PublicDataset01313.jpg,0.02994578145444393
dfneg_PublicDataset01314.jpg,0.0
dfneg_PublicDataset01316.jpg,0.0
dfneg_WEB09443.jpg,0.0
dfneg_WEB09444.jpg,0.0
dfneg_WEB09446.jpg,0.0
dfneg_WEB09447.jpg,0.0
dfneg_WEB09448.jpg,0.0
dfneg_WEB09451.jpg,0.0
dfneg_WEB09454.jpg,0.0
dfneg_WEB09456.jpg,0.0
dfneg_WEB09457.jpg,0.0
dfneg_WEB09458.jpg,0.0
dfneg_WEB09459.jpg,0.05872044339776039
dfneg_WEB09460.jpg,0.06106577068567276
dfneg_WEB09461.jpg,0.0
dfneg_WEB09463.jpg,0.0
dfneg_WEB09465.jpg,0.0
dfneg_WEB09466.jpg,0.012397515587508678
dfneg_WEB09467.jpg,0.0
dfneg_WEB09468.jpg,0.0
dfneg_WEB09470.jpg,0.0
dfneg_WEB09472.jpg,0.02105056867003441
dfneg_WEB09474.jpg,0.0
dfneg_WEB09476.jpg,0.06571705639362335
dfneg_WEB09477.jpg,0.19558244943618774
dfneg_WEB09478.jpg,0.0
dfneg_WEB09479.jpg,0.018055841326713562
dfneg_WEB09480.jpg,0.0
dfneg_WEB09483.jpg,0.0
dfneg_WEB09484.jpg,0.0
dfneg_WEB09485.jpg,0.0
dfneg_WEB09486.jpg,0.0
dfneg_WEB09487.jpg,0.01265791617333889
dfneg_WEB09489.jpg,0.011005242355167866
dfneg_WEB09490.jpg,0.0
dfneg_WEB09491.jpg,0.0
dfneg_WEB09493.jpg,0.0
dfneg_WEB09495.jpg,0.0
dfneg_WEB09496.jpg,0.011811578646302223
dfneg_WEB09497.jpg,0.0
dfneg_WEB09499.jpg,0.0
dfneg_WEB09502.jpg,0.0
dfneg_WEB09504.jpg,0.0
dfneg_WEB09505.jpg,0.14755985140800476
dfneg_WEB09506.jpg,0.0
dfneg_WEB09508.jpg,0.0
dfneg_WEB09509.jpg,0.4452047348022461
dfneg_WEB09511.jpg,0.0
dfneg_WEB09512.jpg,0.0
dfneg_WEB09513.jpg,0.0
dfneg_WEB09515.jpg,0.07092131674289703
dfneg_WEB09516.jpg,0.3586138188838959
dfneg_WEB09517.jpg,0.7614021301269531
dfneg_WEB09518.jpg,0.01471659168601036
dfneg_WEB09519.jpg,0.0
dfneg_WEB09521.jpg,0.0
dfneg_WEB09522.jpg,0.0
dfneg_WEB09523.jpg,0.02129773423075676
dfneg_WEB09524.jpg,0.0
dfneg_WEB09525.jpg,0.0
dfneg_WEB09526.jpg,0.0
dfneg_WEB09528.jpg,0.0
dfneg_WEB09529.jpg,0.0
dfneg_WEB09530.jpg,0.05137062072753906
dfneg_WEB09531.jpg,0.08220083266496658
dfneg_WEB09532.jpg,0.2750941514968872
dfneg_WEB09533.jpg,0.09228364378213882
dfneg_WEB09534.jpg,0.0
dfneg_WEB09535.jpg,0.0
dfneg_WEB09536.jpg,0.0
dfneg_WEB09538.jpg,0.0
dfneg_WEB09540.jpg,0.0
dfneg_WEB09541.jpg,0.0
dfneg_WEB09542.jpg,0.0
dfneg_WEB09544.jpg,0.733532190322876
dfneg_WEB09545.jpg,0.03738880902528763
dfneg_WEB09546.jpg,0.0
dfneg_WEB09547.jpg,0.1167871281504631
dfneg_WEB09549.jpg,0.012386584654450417
dfneg_WEB09551.jpg,0.0
dfneg_WEB09552.jpg,0.050442174077034
dfneg_WEB09553.jpg,0.7200931310653687
dfneg_WEB09557.jpg,0.0
dfneg_WEB09558.jpg,0.0
dfneg_WEB09559.jpg,0.0
dfneg_WEB09560.jpg,0.21526463329792023
dfneg_WEB09561.jpg,0.08123665302991867
dfneg_WEB09563.jpg,0.14344775676727295
dfneg_WEB09565.jpg,0.39550861716270447
dfneg_WEB09566.jpg,0.416469544172287
dfneg_WEB09567.jpg,0.05865303799510002
dfneg_WEB09568.jpg,0.018092704936861992
dfneg_WEB09569.jpg,0.0983397588133812
dfneg_WEB09571.jpg,0.3680868446826935
dfneg_WEB09572.jpg,0.6580875515937805
dfneg_WEB09573.jpg,0.10788146406412125
dfneg_WEB09575.jpg,0.057962723076343536
dfneg_WEB09576.jpg,0.0
dfneg_WEB09578.jpg,0.0
dfneg_WEB09579.jpg,0.0
dfneg_WEB09580.jpg,0.0
dfneg_WEB09581.jpg,0.08943922817707062
dfneg_WEB09582.jpg,0.5590514540672302
dfneg_WEB09583.jpg,0.5991425514221191
dfneg_WEB09584.jpg,0.0
dfneg_WEB09587.jpg,0.0
dfneg_WEB09588.jpg,0.0
dfneg_WEB09589.jpg,0.0186483021825552
dfneg_WEB09591.jpg,0.0
dfneg_WEB09592.jpg,0.0
dfneg_WEB09593.jpg,0.0
dfneg_WEB09594.jpg,0.5906461477279663
dfneg_WEB09596.jpg,0.5696403980255127
dfneg_WEB09597.jpg,0.0
dfneg_WEB09598.jpg,0.20993086695671082
dfneg_WEB09599.jpg,0.5920912623405457
dfneg_WEB09601.jpg,0.012382939457893372
dfneg_WEB09602.jpg,0.0
dfneg_WEB09603.jpg,0.0
dfneg_WEB09604.jpg,0.0
dfneg_WEB09606.jpg,0.0
dfneg_WEB09607.jpg,0.0
dfneg_WEB09608.jpg,0.02651440165936947
dfneg_WEB09610.jpg,0.02200455591082573
dfneg_WEB09611.jpg,0.057871900498867035
dfneg_WEB09613.jpg,0.04655563458800316
dfneg_WEB09614.jpg,0.0
dfneg_WEB09615.jpg,0.0
dfneg_WEB09616.jpg,0.47545406222343445
dfneg_WEB09617.jpg,0.0732172355055809
dfneg_WEB09618.jpg,0.0672885924577713
dfneg_WEB09620.jpg,0.010643880814313889
dfneg_WEB09621.jpg,0.15700048208236694
dfneg_WEB09623.jpg,0.0
dfneg_WEB09624.jpg,0.0
dfneg_WEB09625.jpg,0.051299333572387695
dfneg_WEB09626.jpg,0.08102301508188248
dfneg_WEB09627.jpg,0.0
dfneg_WEB09628.jpg,0.023535992950201035
dfneg_WEB09629.jpg,0.0
dfneg_WEB09631.jpg,0.0
dfneg_WEB09632.jpg,0.0
dfneg_WEB09633.jpg,0.0
dfneg_WEB09634.jpg,0.03796153515577316
dfneg_WEB09635.jpg,0.0
dfneg_WEB09636.jpg,0.0
dfneg_WEB09637.jpg,0.03627416864037514
dfneg_WEB09638.jpg,0.0
dfneg_WEB09639.jpg,0.0
dfneg_WEB09640.jpg,0.0
dfneg_WEB09641.jpg,0.0
dfneg_WEB09642.jpg,0.0
dfneg_WEB09644.jpg,0.01109504234045744
dfneg_WEB09645.jpg,0.018794436007738113
dfneg_WEB09647.jpg,0.0
dfneg_WEB09648.jpg,0.0
dfneg_WEB09649.jpg,0.0
dfneg_WEB09650.jpg,0.0
dfneg_WEB09651.jpg,0.0
dfneg_WEB09652.jpg,0.0
dfneg_WEB09655.jpg,0.0
dfneg_WEB09656.jpg,0.0
dfneg_WEB09657.jpg,0.0
dfneg_WEB09658.jpg,0.0
dfneg_WEB09659.jpg,0.0
dfneg_WEB09660.jpg,0.0
dfneg_WEB09661.jpg,0.0
dfneg_WEB09663.jpg,0.0
dfneg_WEB09664.jpg,0.0
dfneg_WEB09665.jpg,0.0
dfneg_WEB09667.jpg,0.0
dfneg_WEB09668.jpg,0.0
dfneg_WEB09669.jpg,0.0
dfneg_WEB09670.jpg,0.0
dfneg_WEB09671.jpg,0.0
dfneg_WEB09673.jpg,0.0
dfneg_WEB09674.jpg,0.0
dfneg_WEB09675.jpg,0.0
dfneg_WEB09676.jpg,0.0
dfneg_WEB09677.jpg,0.0
dfneg_WEB09678.jpg,0.03345533832907677
dfneg_WEB09679.jpg,0.0
dfneg_WEB09680.jpg,0.0
dfneg_WEB09681.jpg,0.0
dfneg_WEB09682.jpg,0.0
dfneg_WEB09683.jpg,0.0
dfneg_WEB09686.jpg,0.0
dfneg_WEB09687.jpg,0.011587876826524734
dfneg_WEB09688.jpg,0.0
dfneg_WEB09689.jpg,0.0
dfneg_WEB09690.jpg,0.0
dfneg_WEB09691.jpg,0.0
dfneg_WEB09692.jpg,0.0
dfneg_WEB09693.jpg,0.0
dfneg_WEB09694.jpg,0.029732555150985718
dfneg_WEB09695.jpg,0.0
dfneg_WEB09696.jpg,0.0
dfneg_WEB09698.jpg,0.0
dfneg_WEB09699.jpg,0.0
dfneg_WEB09700.jpg,0.0
dfneg_WEB09701.jpg,0.0
dfneg_WEB09702.jpg,0.0
dfneg_WEB09703.jpg,0.0
dfneg_WEB09704.jpg,0.0
dfneg_WEB09705.jpg,0.029962964355945587
dfneg_WEB09706.jpg,0.03068581409752369
dfneg_WEB09707.jpg,0.0
dfneg_WEB09708.jpg,0.04308279603719711
dfneg_WEB09709.jpg,0.0
dfneg_WEB09710.jpg,0.0
dfneg_WEB09711.jpg,0.0
dfneg_WEB09712.jpg,0.0
dfneg_WEB09713.jpg,0.03409522771835327
dfneg_WEB09714.jpg,0.0
dfneg_WEB09715.jpg,0.0
dfneg_WEB09716.jpg,0.0
dfneg_WEB09717.jpg,0.0
dfneg_WEB09720.jpg,0.17187628149986267
dfneg_WEB09721.jpg,0.0
dfneg_WEB09722.jpg,0.0
dfneg_WEB09723.jpg,0.0
dfneg_WEB09724.jpg,0.0
dfneg_WEB09725.jpg,0.0
dfneg_WEB09726.jpg,0.0
dfneg_WEB09727.jpg,0.0
dfneg_WEB09728.jpg,0.1372382640838623
dfneg_WEB09729.jpg,0.0
dfneg_WEB09730.jpg,0.0
dfneg_WEB09731.jpg,0.010673326440155506
dfneg_WEB09732.jpg,0.0
dfneg_WEB09733.jpg,0.0
dfneg_WEB09734.jpg,0.0
dfneg_WEB09735.jpg,0.0
dfneg_WEB09736.jpg,0.0
dfneg_WEB09738.jpg,0.0
dfneg_WEB09739.jpg,0.0
dfneg_WEB09743.jpg,0.0
dfneg_WEB09744.jpg,0.0
dfneg_WEB09745.jpg,0.0
dfneg_WEB09747.jpg,0.0
dfneg_WEB09748.jpg,0.0
dfneg_WEB09749.jpg,0.0
dfneg_WEB09751.jpg,0.0
dfneg_WEB09752.jpg,0.0
dfneg_WEB09753.jpg,0.018349992111325264
dfneg_WEB09754.jpg,0.07200870662927628
dfneg_WEB09755.jpg,0.07533083856105804
dfneg_WEB09756.jpg,0.06557876616716385
dfneg_WEB09758.jpg,0.0
dfneg_WEB09759.jpg,0.0
dfneg_WEB09760.jpg,0.0
dfneg_WEB09761.jpg,0.0
dfneg_WEB09763.jpg,0.0
dfneg_WEB09764.jpg,0.0
dfneg_WEB09765.jpg,0.0
dfneg_WEB09766.jpg,0.0
dfneg_WEB09767.jpg,0.0
dfneg_WEB09768.jpg,0.0
dfneg_WEB09769.jpg,0.0
dfneg_WEB09770.jpg,0.0
dfneg_WEB09772.jpg,0.0
dfneg_WEB09774.jpg,0.0
dfneg_WEB09775.jpg,0.0
dfneg_WEB09776.jpg,0.0
dfneg_WEB09777.jpg,0.0
dfneg_WEB09778.jpg,0.02482300065457821
dfneg_WEB09779.jpg,0.09215861558914185
dfneg_WEB09780.jpg,0.0
dfneg_WEB09782.jpg,0.0
dfneg_WEB09783.jpg,0.0
dfneg_WEB09784.jpg,0.034708503633737564
dfneg_WEB09786.jpg,0.03578993305563927
dfneg_WEB09787.jpg,0.0
dfneg_WEB09789.jpg,0.01715637743473053
dfneg_WEB09790.jpg,0.0
dfneg_WEB09791.jpg,0.0
dfneg_WEB09792.jpg,0.0
dfneg_WEB09793.jpg,0.0
dfneg_WEB09794.jpg,0.0
dfneg_WEB09795.jpg,0.0
dfneg_WEB09796.jpg,0.03541283309459686
dfneg_WEB09798.jpg,0.0
dfneg_WEB09799.jpg,0.01090040523558855
dfneg_WEB09800.jpg,0.02215109020471573
dfneg_WEB09801.jpg,0.0
dfneg_WEB09805.jpg,0.0
dfneg_WEB09806.jpg,0.0
dfneg_WEB09807.jpg,0.44669410586357117
dfneg_WEB09808.jpg,0.0
dfneg_WEB09811.jpg,0.0
dfneg_WEB09812.jpg,0.0
dfneg_WEB09813.jpg,0.0
dfneg_WEB09815.jpg,0.0
dfneg_WEB09816.jpg,0.0
dfneg_WEB09817.jpg,0.0
dfneg_WEB09818.jpg,0.0
dfneg_WEB09820.jpg,0.0
dfneg_WEB09821.jpg,0.0
dfneg_WEB09822.jpg,0.0
dfneg_WEB09824.jpg,0.0
dfneg_WEB09825.jpg,0.0
dfneg_WEB09828.jpg,0.06534242630004883
dfneg_WEB09830.jpg,0.0
dfneg_WEB09831.jpg,0.0
dfneg_WEB09832.jpg,0.0
dfneg_WEB09833.jpg,0.0
dfneg_WEB09835.jpg,0.0
dfneg_WEB09839.jpg,0.0
dfneg_WEB09840.jpg,0.0
dfneg_WEB09841.jpg,0.0
dfneg_WEB09842.jpg,0.0
dfneg_WEB09843.jpg,0.0
dfneg_WEB09844.jpg,0.0
dfneg_WEB09845.jpg,0.0
dfneg_WEB09846.jpg,0.0
dfneg_WEB09847.jpg,0.0
dfneg_WEB09848.jpg,0.0
dfneg_WEB09849.jpg,0.0
dfneg_WEB09850.jpg,0.0
dfneg_WEB09853.jpg,0.0
dfneg_WEB09854.jpg,0.0
dfneg_WEB09856.jpg,0.0
dfneg_WEB09858.jpg,0.0
dfneg_WEB09860.jpg,0.3225436806678772
dfneg_WEB09861.jpg,0.06622562557458878
dfneg_WEB09862.jpg,0.0
dfneg_WEB09863.jpg,0.0
dfneg_WEB09864.jpg,0.04045959562063217
dfneg_WEB09867.jpg,0.017547495663166046
dfneg_WEB09871.jpg,0.018274763599038124
dfneg_WEB09872.jpg,0.6622164249420166
dfneg_WEB09875.jpg,0.29605984687805176
dfneg_WEB09876.jpg,0.0
dfneg_WEB09878.jpg,0.0
dfneg_WEB09880.jpg,0.0
dfneg_WEB09881.jpg,0.0
dfneg_WEB09882.jpg,0.0
dfneg_WEB09883.jpg,0.10650400072336197
dfneg_WEB09884.jpg,0.12512455880641937
dfneg_WEB09887.jpg,0.0
dfneg_WEB09888.jpg,0.0
dfneg_WEB09889.jpg,0.0
dfneg_WEB09892.jpg,0.0
dfneg_WEB09893.jpg,0.032466303557157516
dfneg_WEB09894.jpg,0.011098422110080719
dfneg_WEB09895.jpg,0.013757490552961826
dfneg_WEB09896.jpg,0.0
dfneg_WEB09897.jpg,0.0
dfneg_WEB09900.jpg,0.0
dfneg_WEB09902.jpg,0.0
dfneg_WEB09904.jpg,0.0
dfneg_WEB09905.jpg,0.0
dfneg_WEB09906.jpg,0.0
dfneg_WEB09907.jpg,0.0
dfneg_WEB09908.jpg,0.0
dfneg_WEB09909.jpg,0.0
dfneg_WEB09910.jpg,0.0
dfneg_WEB09911.jpg,0.0
dfneg_WEB09912.jpg,0.0
dfneg_WEB09913.jpg,0.0
dfneg_WEB09914.jpg,0.0
dfneg_WEB09915.jpg,0.0
dfneg_WEB09916.jpg,0.0
dfneg_WEB09917.jpg,0.0
dfneg_WEB09918.jpg,0.0
dfneg_WEB09919.jpg,0.023330045863986015
dfneg_WEB09920.jpg,0.0
dfneg_WEB09921.jpg,0.0
dfneg_WEB09924.jpg,0.0
dfneg_WEB09926.jpg,0.0
dfneg_WEB09927.jpg,0.0
dfneg_WEB09930.jpg,0.01229463517665863
dfneg_WEB09932.jpg,0.10293695330619812
dfneg_WEB09933.jpg,0.0
dfneg_WEB09934.jpg,0.0
dfneg_WEB09935.jpg,0.023755952715873718
dfneg_WEB09937.jpg,0.0
dfneg_WEB09939.jpg,0.015651632100343704
dfneg_WEB09940.jpg,0.0
dfneg_WEB09942.jpg,0.0
dfneg_WEB09943.jpg,0.5389825105667114
dfneg_WEB09944.jpg,0.05677083879709244
dfneg_WEB09946.jpg,0.020699556916952133
dfneg_WEB09948.jpg,0.0245329812169075
dfneg_WEB09949.jpg,0.015352108515799046
dfneg_WEB09951.jpg,0.024136317893862724
dfneg_WEB09953.jpg,0.11012212932109833
dfneg_WEB09954.jpg,0.0
dfneg_WEB09955.jpg,0.0
dfneg_WEB09956.jpg,0.0
dfneg_WEB09958.jpg,0.0
dfneg_WEB09960.jpg,0.0
dfneg_WEB09962.jpg,0.0
dfneg_WEB09963.jpg,0.0
dfneg_WEB09964.jpg,0.0
dfneg_WEB09965.jpg,0.016307739540934563
dfneg_WEB09966.jpg,0.0
dfneg_WEB09967.jpg,0.0
dfneg_WEB09969.jpg,0.0
dfneg_WEB09970.jpg,0.0
dfneg_WEB09973.jpg,0.0
dfneg_WEB09974.jpg,0.0
dfneg_WEB09975.jpg,0.0
dfneg_WEB09976.jpg,0.0
dfneg_WEB09977.jpg,0.041718315333127975
dfneg_WEB09979.jpg,0.0
dfneg_WEB09982.jpg,0.0
dfneg_WEB09983.jpg,0.0
dfneg_WEB09984.jpg,0.0
dfneg_WEB09985.jpg,0.18464450538158417
dfneg_WEB09986.jpg,0.046613093465566635
dfneg_WEB09988.jpg,0.0
dfneg_WEB09989.jpg,0.0
dfneg_WEB09990.jpg,0.0
dfneg_WEB09991.jpg,0.014720894396305084
dfneg_WEB09993.jpg,0.0
dfneg_WEB09995.jpg,0.0
dfneg_WEB09997.jpg,0.0
dfneg_WEB10001.jpg,0.0
dfneg_WEB10005.jpg,0.0
dfneg_WEB10006.jpg,0.0
dfneg_WEB10008.jpg,0.01994430646300316
dfneg_WEB10009.jpg,0.0
dfneg_WEB10010.jpg,0.0
dfneg_WEB10011.jpg,0.0
dfneg_WEB10012.jpg,0.0
dfneg_WEB10013.jpg,0.0
dfneg_WEB10014.jpg,0.0
dfneg_WEB10015.jpg,0.0
dfneg_WEB10017.jpg,0.0
dfneg_WEB10018.jpg,0.0
dfneg_WEB10019.jpg,0.0
dfneg_WEB10020.jpg,0.0
dfneg_WEB10021.jpg,0.0
dfneg_WEB10022.jpg,0.0
dfneg_WEB10023.jpg,0.0
dfneg_WEB10024.jpg,0.0
dfneg_WEB10026.jpg,0.0
dfneg_WEB10028.jpg,0.0
dfneg_WEB10031.jpg,0.0
dfneg_WEB10033.jpg,0.0
dfneg_WEB10036.jpg,0.0
dfneg_WEB10037.jpg,0.012803886085748672
dfneg_WEB10042.jpg,0.5725076198577881
dfneg_WEB10043.jpg,0.0
dfneg_WEB10044.jpg,0.0
dfneg_WEB10045.jpg,0.0
dfneg_WEB10046.jpg,0.0
dfneg_WEB10048.jpg,0.010643147863447666
dfneg_WEB10051.jpg,0.0
dfneg_WEB10052.jpg,0.0
dfneg_WEB10053.jpg,0.1646948754787445
dfneg_WEB10056.jpg,0.0
dfneg_WEB10057.jpg,0.021537980064749718
dfneg_WEB10058.jpg,0.0
dfneg_WEB10059.jpg,0.0
dfneg_WEB10060.jpg,0.0
dfneg_WEB10061.jpg,0.0
dfneg_WEB10062.jpg,0.0
dfneg_WEB10063.jpg,0.0
dfneg_WEB10066.jpg,0.0
dfneg_WEB10068.jpg,0.015493921004235744
dfneg_WEB10069.jpg,0.0
dfneg_WEB10070.jpg,0.0
dfneg_WEB10071.jpg,0.0
dfneg_WEB10072.jpg,0.0
dfneg_WEB10073.jpg,0.0
dfneg_WEB10075.jpg,0.0
dfneg_WEB10076.jpg,0.0
dfneg_WEB10077.jpg,0.0
dfneg_WEB10078.jpg,0.0
dfneg_WEB10079.jpg,0.0
dfneg_WEB10081.jpg,0.0
dfneg_WEB10082.jpg,0.1201348602771759
dfneg_WEB10083.jpg,0.02424168400466442
dfneg_WEB10084.jpg,0.21130633354187012
dfneg_WEB10086.jpg,0.02835203893482685
dfneg_WEB10087.jpg,0.0
dfneg_WEB10088.jpg,0.42272666096687317
dfneg_WEB10089.jpg,0.0
dfneg_WEB10090.jpg,0.0
dfneg_WEB10091.jpg,0.0
dfneg_WEB10092.jpg,0.14062970876693726
dfneg_WEB10093.jpg,0.0
dfneg_WEB10094.jpg,0.0
dfneg_WEB10099.jpg,0.0
dfneg_WEB10101.jpg,0.0
dfneg_WEB10106.jpg,0.0
dfneg_WEB10107.jpg,0.03283504769206047
dfneg_WEB10108.jpg,0.0
dfneg_WEB10109.jpg,0.4732397496700287
dfneg_WEB10110.jpg,0.02885265462100506
dfneg_WEB10111.jpg,0.0
dfneg_WEB10112.jpg,0.0
dfneg_WEB10113.jpg,0.0
dfneg_WEB10117.jpg,0.0
dfneg_WEB10118.jpg,0.0183884184807539
dfneg_WEB10119.jpg,0.0
dfneg_WEB10120.jpg,0.0
dfneg_WEB10122.jpg,0.0
dfneg_WEB10123.jpg,0.0
dfneg_WEB10124.jpg,0.6977126598358154
dfneg_WEB10125.jpg,0.0
dfneg_WEB10126.jpg,0.0
dfneg_WEB10127.jpg,0.06942635029554367
dfneg_WEB10130.jpg,0.0
dfneg_WEB10131.jpg,0.0
dfneg_WEB10132.jpg,0.0
dfneg_WEB10133.jpg,0.0683295950293541
dfneg_WEB10134.jpg,0.0
dfneg_WEB10137.jpg,0.0
dfneg_WEB10138.jpg,0.0
dfneg_WEB10139.jpg,0.0
dfneg_WEB10140.jpg,0.0
dfneg_WEB10141.jpg,0.6945521831512451
dfneg_WEB10142.jpg,0.012194017879664898
dfneg_WEB10143.jpg,0.0
dfneg_WEB10144.jpg,0.0
dfneg_WEB10145.jpg,0.0
dfneg_WEB10147.jpg,0.0
dfneg_WEB10148.jpg,0.0
dfneg_WEB10149.jpg,0.3761451840400696
dfneg_WEB10150.jpg,0.0
dfneg_WEB10151.jpg,0.0
dfneg_WEB10154.jpg,0.0
dfneg_WEB10156.jpg,0.0
dfneg_WEB10157.jpg,0.0
dfneg_WEB10158.jpg,0.0
dfneg_WEB10159.jpg,0.0
dfneg_WEB10160.jpg,0.0
dfneg_WEB10161.jpg,0.0
dfneg_WEB10162.jpg,0.0
dfneg_WEB10163.jpg,0.021687369793653488
dfneg_WEB10164.jpg,0.020330069586634636
dfneg_WEB10166.jpg,0.0
dfneg_WEB10167.jpg,0.012065102346241474
dfneg_WEB10168.jpg,0.0
dfneg_WEB10169.jpg,0.0
dfneg_WEB10170.jpg,0.012344121001660824
dfneg_WEB10172.jpg,0.0
dfneg_WEB10173.jpg,0.0
dfneg_WEB10174.jpg,0.0
dfneg_WEB10175.jpg,0.0
dfneg_WEB10178.jpg,0.0
dfneg_WEB10180.jpg,0.0
dfneg_WEB10181.jpg,0.0
dfneg_WEB10182.jpg,0.0
dfneg_WEB10184.jpg,0.4187016785144806
dfneg_WEB10185.jpg,0.0
dfneg_WEB10188.jpg,0.0
dfneg_WEB10189.jpg,0.0
dfneg_WEB10190.jpg,0.0
dfneg_WEB10192.jpg,0.0
dfneg_WEB10193.jpg,0.0
dfneg_WEB10194.jpg,0.0
dfneg_WEB10195.jpg,0.0
dfneg_WEB10198.jpg,0.0
dfneg_WEB10199.jpg,0.01126726996153593
dfneg_WEB10200.jpg,0.0
dfneg_WEB10201.jpg,0.0
dfneg_WEB10202.jpg,0.0
dfneg_WEB10203.jpg,0.0
dfneg_WEB10204.jpg,0.0
dfneg_WEB10205.jpg,0.10199207067489624
dfneg_WEB10206.jpg,0.0
dfneg_WEB10207.jpg,0.0
dfneg_WEB10209.jpg,0.0
dfneg_WEB10210.jpg,0.0
dfneg_WEB10211.jpg,0.0
dfneg_WEB10212.jpg,0.0
dfneg_WEB10213.jpg,0.0
dfneg_WEB10214.jpg,0.0
dfneg_WEB10215.jpg,0.0
dfneg_WEB10216.jpg,0.0
dfneg_WEB10218.jpg,0.0
dfneg_WEB10220.jpg,0.011231758631765842
dfneg_WEB10221.jpg,0.03442525863647461
dfneg_WEB10222.jpg,0.06255282461643219
dfneg_WEB10223.jpg,0.0
dfneg_WEB10225.jpg,0.0
dfneg_WEB10226.jpg,0.0
dfneg_WEB10227.jpg,0.0
dfneg_WEB10228.jpg,0.01791989617049694
dfneg_WEB10229.jpg,0.0
dfneg_WEB10230.jpg,0.07428204268217087
dfneg_WEB10231.jpg,0.0
dfneg_WEB10232.jpg,0.0
dfneg_WEB10234.jpg,0.0
dfneg_WEB10235.jpg,0.04706677421927452
dfneg_WEB10236.jpg,0.0
dfneg_WEB10238.jpg,0.13246555626392365
dfneg_WEB10239.jpg,0.01543932594358921
dfneg_WEB10242.jpg,0.0
dfneg_WEB10243.jpg,0.022759737446904182
dfneg_WEB10244.jpg,0.029439086094498634
dfneg_WEB10245.jpg,0.018225910142064095
dfneg_WEB10246.jpg,0.11613821983337402
dfneg_WEB10247.jpg,0.0
dfneg_WEB10248.jpg,0.5697444081306458
dfneg_WEB10250.jpg,0.035435158759355545
dfneg_WEB10251.jpg,0.38359495997428894
dfneg_WEB10252.jpg,0.7865458130836487
dfneg_WEB10253.jpg,0.0
dfneg_WEB10254.jpg,0.10905882716178894
dfneg_WEB10255.jpg,0.02706473134458065
dfneg_WEB10257.jpg,0.33569085597991943
dfneg_WEB10258.jpg,0.0
dfneg_WEB10259.jpg,0.0
dfneg_WEB10260.jpg,0.0
dfneg_WEB10261.jpg,0.0
dfneg_WEB10262.jpg,0.0
dfneg_WEB10263.jpg,0.23215338587760925
dfneg_WEB10264.jpg,0.0
dfneg_WEB10265.jpg,0.0
dfneg_WEB10266.jpg,0.1311960518360138
dfneg_WEB10267.jpg,0.030268048867583275
dfneg_WEB10268.jpg,0.0
dfneg_WEB10270.jpg,0.0
dfneg_WEB10272.jpg,0.0
dfneg_WEB10275.jpg,0.0
dfneg_WEB10277.jpg,0.0
dfneg_WEB10278.jpg,0.0
dfneg_WEB10279.jpg,0.36498796939849854
dfneg_WEB10280.jpg,0.24414348602294922
dfneg_WEB10281.jpg,0.0
dfneg_WEB10282.jpg,0.014815479516983032
dfneg_WEB10283.jpg,0.0
dfneg_WEB10285.jpg,0.0
dfneg_WEB10287.jpg,0.0
dfneg_WEB10289.jpg,0.014496397227048874
dfneg_WEB10292.jpg,0.0
dfneg_WEB10294.jpg,0.026066981256008148
dfneg_WEB10295.jpg,0.0
dfneg_WEB10296.jpg,0.09616532176733017
dfneg_WEB10297.jpg,0.0
dfneg_WEB10301.jpg,0.0
dfneg_WEB10302.jpg,0.0
dfneg_WEB10304.jpg,0.0
dfneg_WEB10305.jpg,0.0
dfneg_WEB10306.jpg,0.0
dfneg_WEB10308.jpg,0.0
dfneg_WEB10310.jpg,0.0
dfneg_WEB10312.jpg,0.0
dfneg_WEB10313.jpg,0.0
dfneg_WEB10314.jpg,0.0
dfneg_WEB10315.jpg,0.0
dfneg_WEB10316.jpg,0.07755517214536667
dfneg_WEB10318.jpg,0.0
dfneg_WEB10319.jpg,0.0
dfneg_WEB10320.jpg,0.0
dfneg_WEB10322.jpg,0.0
dfneg_WEB10324.jpg,0.0
dfneg_WEB10325.jpg,0.0
dfneg_WEB10326.jpg,0.0
dfneg_WEB10327.jpg,0.0
dfneg_WEB10328.jpg,0.03819384425878525
dfneg_WEB10329.jpg,0.0
dfneg_WEB10330.jpg,0.0
dfneg_WEB10331.jpg,0.0
dfneg_WEB10332.jpg,0.0
dfneg_WEB10335.jpg,0.0
dfneg_WEB10336.jpg,0.0
dfneg_WEB10337.jpg,0.0
dfneg_WEB10339.jpg,0.02107970416545868
dfneg_WEB10342.jpg,0.0
dfneg_WEB10344.jpg,0.0
dfneg_WEB10345.jpg,0.04223266988992691
dfneg_WEB10346.jpg,0.0
dfneg_WEB10347.jpg,0.0
dfneg_WEB10348.jpg,0.0
dfneg_WEB10350.jpg,0.0
dfneg_WEB10351.jpg,0.0
dfneg_WEB10354.jpg,0.0
dfneg_WEB10355.jpg,0.0
dfneg_WEB10356.jpg,0.0
dfneg_WEB10357.jpg,0.0
dfneg_WEB10358.jpg,0.0
dfneg_WEB10360.jpg,0.17476361989974976
dfneg_WEB10361.jpg,0.6480332016944885
dfneg_WEB10362.jpg,0.0
dfneg_WEB10363.jpg,0.0
dfneg_WEB10365.jpg,0.0
dfneg_WEB10366.jpg,0.0
dfneg_WEB10367.jpg,0.0
dfneg_WEB10368.jpg,0.0
dfneg_WEB10369.jpg,0.0
dfneg_WEB10370.jpg,0.0
dfneg_WEB10372.jpg,0.0
dfneg_WEB10374.jpg,0.0
dfneg_WEB10375.jpg,0.0
dfneg_WEB10377.jpg,0.0
dfneg_WEB10379.jpg,0.0
dfneg_WEB10381.jpg,0.0
dfneg_WEB10384.jpg,0.0
dfneg_WEB10385.jpg,0.0
dfneg_WEB10386.jpg,0.0
dfneg_WEB10387.jpg,0.014669720083475113
dfneg_WEB10389.jpg,0.033177703619003296
dfneg_WEB10390.jpg,0.27956104278564453
dfneg_WEB10391.jpg,0.0
dfneg_WEB10392.jpg,0.0
dfneg_WEB10393.jpg,0.0
dfneg_WEB10394.jpg,0.058025479316711426
dfneg_WEB10397.jpg,0.5703051090240479
dfneg_WEB10398.jpg,0.0
dfneg_WEB10399.jpg,0.0
dfneg_WEB10401.jpg,0.0
dfneg_WEB10402.jpg,0.0
dfneg_WEB10403.jpg,0.0
dfneg_WEB10404.jpg,0.0
dfneg_WEB10405.jpg,0.0
dfneg_WEB10406.jpg,0.0
dfneg_WEB10407.jpg,0.0
dfneg_WEB10408.jpg,0.0
dfneg_WEB10409.jpg,0.0
dfneg_WEB10410.jpg,0.0
dfneg_WEB10411.jpg,0.0
dfneg_WEB10412.jpg,0.0
dfneg_WEB10415.jpg,0.0
dfneg_WEB10416.jpg,0.0
dfneg_WEB10417.jpg,0.0
dfneg_WEB10418.jpg,0.0
dfneg_WEB10419.jpg,0.0
dfneg_WEB10421.jpg,0.0
dfneg_WEB10422.jpg,0.016179850324988365
dfneg_WEB10423.jpg,0.0
dfneg_WEB10424.jpg,0.0
dfneg_WEB10426.jpg,0.025620590895414352
dfneg_WEB10789.jpg,0.0
