frame,time_s,flame_max,smoke_max
0,0.0,0.0,0.0
1,0.0417,0.0,0.0
2,0.0833,0.0,0.0
3,0.125,0.0,0.0
4,0.1667,0.0,0.0
5,0.2083,0.0,0.0
6,0.25,0.0,0.0
7,0.2917,0.0,0.0
8,0.3333,0.0,0.0
9,0.375,0.0,0.0
10,0.4167,0.0,0.0
11,0.4583,0.0,0.0
12,0.5,0.0,0.0
13,0.5417,0.0,0.0
14,0.5833,0.0,0.0
15,0.625,0.0,0.0
16,0.6667,0.0,0.0
17,0.7083,0.0,0.0
18,0.75,0.0,0.0
19,0.7917,0.0,0.0
20,0.8333,0.0,0.0
21,0.875,0.0,0.0
22,0.9167,0.0,0.0
23,0.9583,0.0,0.0
24,1.0,0.0,0.0
25,1.0417,0.0,0.0
26,1.0833,0.0,0.0
27,1.125,0.0,0.0
28,1.1667,0.0,0.0
29,1.2083,0.0,0.0
30,1.25,0.0,0.0
31,1.2917,0.0,0.0
32,1.3333,0.0,0.0
33,1.375,0.0,0.0
34,1.4167,0.0,0.0
35,1.4583,0.0,0.0
36,1.5,0.0,0.0
37,1.5417,0.0,0.0
38,1.5833,0.0,0.0
39,1.625,0.0,0.0
40,1.6667,0.0,0.0
41,1.7083,0.0,0.0
42,1.75,0.0,0.0
43,1.7917,0.0,0.0
44,1.8333,0.0,0.0
45,1.875,0.0,0.0
46,1.9167,0.0,0.0
47,1.9583,0.0,0.0
48,2.0,0.0,0.0
49,2.0417,0.0,0.0
50,2.0833,0.0,0.0
51,2.125,0.0,0.0
52,2.1667,0.0,0.0
53,2.2083,0.0,0.0
54,2.25,0.0,0.0
55,2.2917,0.0,0.0
56,2.3333,0.0,0.0
57,2.375,0.0,0.0
58,2.4167,0.0,0.0
59,2.4583,0.0,0.0
60,2.5,0.0,0.0
61,2.5417,0.0,0.0
62,2.5833,0.0,0.0
63,2.625,0.0,0.0
64,2.6667,0.0,0.0
65,2.7083,0.0,0.0
66,2.75,0.0,0.0
67,2.7917,0.0,0.0
68,2.8333,0.0,0.0
69,2.875,0.0,0.0
70,2.9167,0.0,0.0
71,2.9583,0.0,0.0
72,3.0,0.0,0.0
73,3.0417,0.0,0.0
74,3.0833,0.0,0.0
75,3.125,0.0,0.0
76,3.1667,0.0,0.0
77,3.2083,0.0,0.0
78,3.25,0.0,0.0
79,3.2917,0.0,0.0
80,3.3333,0.0,0.0
81,3.375,0.0,0.0
82,3.4167,0.0,0.0
83,3.4583,0.0,0.0
84,3.5,0.0,0.0
85,3.5417,0.0,0.0
86,3.5833,0.0,0.0
87,3.625,0.0,0.0
88,3.6667,0.0,0.0
89,3.7083,0.0,0.0
90,3.75,0.0,0.0
91,3.7917,0.0,0.0
92,3.8333,0.0,0.0
93,3.875,0.0,0.0
94,3.9167,0.0,0.0
95,3.9583,0.0,0.0
96,4.0,0.0,0.0
97,4.0417,0.0,0.0
98,4.0833,0.0,0.0
99,4.125,0.0,0.0
100,4.1667,0.0,0.0
101,4.2083,0.0,0.0
102,4.25,0.0,0.0
103,4.2917,0.0,0.0
104,4.3333,0.0,0.0
105,4.375,0.0,0.0
106,4.4167,0.0,0.0
107,4.4583,0.0,0.0
108,4.5,0.0,0.0
109,4.5417,0.0,0.0
110,4.5833,0.0,0.0
111,4.625,0.0,0.0
112,4.6667,0.0,0.0
113,4.7083,0.0,0.0
114,4.75,0.0,0.0
115,4.7917,0.0,0.0
116,4.8333,0.0,0.0
117,4.875,0.0,0.0
118,4.9167,0.0,0.0
119,4.9583,0.0,0.0
120,5.0,0.0,0.0
121,5.0417,0.0,0.0
122,5.0833,0.0,0.0
123,5.125,0.0,0.0
124,5.1667,0.0,0.0
125,5.2083,0.0,0.0
126,5.25,0.0,0.0
127,5.2917,0.0,0.0
128,5.3333,0.0,0.0
129,5.375,0.0,0.0
130,5.4167,0.0,0.0
131,5.4583,0.0,0.0
132,5.5,0.0,0.0
133,5.5417,0.0,0.0
134,5.5833,0.0,0.0
135,5.625,0.0,0.0
136,5.6667,0.0,0.0
137,5.7083,0.0,0.0
138,5.75,0.0,0.0
139,5.7917,0.0,0.0
140,5.8333,0.0,0.0
141,5.875,0.0,0.0
142,5.9167,0.0,0.0
143,5.9583,0.0,0.0
144,6.0,0.0,0.0
145,6.0417,0.0,0.0
146,6.0833,0.0,0.0
147,6.125,0.0,0.0
148,6.1667,0.0,0.0
149,6.2083,0.0,0.0
150,6.25,0.0,0.0
151,6.2917,0.0,0.0
152,6.3333,0.0,0.0
153,6.375,0.0,0.0
154,6.4167,0.0,0.0
155,6.4583,0.0,0.0
156,6.5,0.0,0.0
157,6.5417,0.0,0.0
158,6.5833,0.0,0.0
159,6.625,0.0,0.0
160,6.6667,0.0,0.0
161,6.7083,0.0,0.0
162,6.75,0.0,0.0
163,6.7917,0.0,0.0
164,6.8333,0.0,0.0
165,6.875,0.0,0.0
166,6.9167,0.0,0.0
167,6.9583,0.0,0.0
168,7.0,0.0,0.0
169,7.0417,0.0,0.0
170,7.0833,0.0,0.0
171,7.125,0.0,0.0
172,7.1667,0.0,0.0
173,7.2083,0.0,0.0
174,7.25,0.0,0.0
175,7.2917,0.0,0.0
176,7.3333,0.0,0.0
177,7.375,0.0,0.0
178,7.4167,0.0,0.0
179,7.4583,0.0,0.0
180,7.5,0.0,0.0
181,7.5417,0.0,0.0
182,7.5833,0.0,0.0
183,7.625,0.0,0.0
184,7.6667,0.0,0.0
185,7.7083,0.0,0.0
186,7.75,0.0,0.0
187,7.7917,0.0,0.0
188,7.8333,0.0,0.0
189,7.875,0.0,0.0
190,7.9167,0.0,0.0
191,7.9583,0.0,0.0
192,8.0,0.0,0.0
193,8.0417,0.0,0.0
194,8.0833,0.0,0.0
195,8.125,0.0,0.0
196,8.1667,0.0,0.0
197,8.2083,0.0,0.0
198,8.25,0.0,0.0
199,8.2917,0.0,0.0
200,8.3333,0.0,0.0
201,8.375,0.0,0.0
202,8.4167,0.0,0.0
203,8.4583,0.0,0.0
204,8.5,0.0,0.0
205,8.5417,0.0,0.0
206,8.5833,0.0,0.0
207,8.625,0.0,0.0
208,8.6667,0.0,0.0
209,8.7083,0.0,0.0
210,8.75,0.0,0.0
211,8.7917,0.0,0.0
212,8.8333,0.0,0.0
213,8.875,0.0,0.0
214,8.9167,0.0,0.0
215,8.9583,0.0,0.0
216,9.0,0.0,0.0
217,9.0417,0.0,0.0
218,9.0833,0.0,0.0
219,9.125,0.0,0.0
220,9.1667,0.0,0.0
221,9.2083,0.0,0.0
222,9.25,0.0,0.0
223,9.2917,0.0,0.0
224,9.3333,0.0,0.0
225,9.375,0.0,0.0
226,9.4167,0.0,0.0
227,9.4583,0.0,0.0
228,9.5,0.0,0.0
229,9.5417,0.0,0.0
230,9.5833,0.0,0.0
231,9.625,0.0,0.0
232,9.6667,0.0,0.0
233,9.7083,0.0,0.0
234,9.75,0.0,0.0
235,9.7917,0.0,0.0
236,9.8333,0.0,0.0
237,9.875,0.0,0.0
238,9.9167,0.0,0.0
239,9.9583,0.0,0.0
240,10.0,0.0,0.0
241,10.0417,0.0,0.0
242,10.0833,0.0,0.0
243,10.125,0.0,0.0
244,10.1667,0.0,0.0
245,10.2083,0.0,0.0
246,10.25,0.0,0.0
247,10.2917,0.0,0.0
248,10.3333,0.0,0.0
249,10.375,0.0,0.0
250,10.4167,0.0,0.0
251,10.4583,0.0,0.0
252,10.5,0.0,0.0
253,10.5417,0.0,0.0
254,10.5833,0.0,0.0
255,10.625,0.0,0.0
256,10.6667,0.0,0.0
257,10.7083,0.0,0.0
258,10.75,0.0,0.0
259,10.7917,0.0,0.0
260,10.8333,0.0,0.0
261,10.875,0.0,0.0
262,10.9167,0.0,0.0
263,10.9583,0.0,0.0
264,11.0,0.0,0.0
265,11.0417,0.0,0.0
266,11.0833,0.0,0.0
267,11.125,0.0,0.0
268,11.1667,0.0,0.0
269,11.2083,0.0,0.0
270,11.25,0.0,0.0
271,11.2917,0.0,0.0
272,11.3333,0.0,0.0
273,11.375,0.0,0.0
274,11.4167,0.0,0.0
275,11.4583,0.0,0.0
276,11.5,0.0,0.0
277,11.5417,0.0,0.0
278,11.5833,0.0,0.0
279,11.625,0.0,0.0
280,11.6667,0.0,0.0
281,11.7083,0.0,0.0
282,11.75,0.0,0.0
283,11.7917,0.0,0.0
284,11.8333,0.0,0.0
285,11.875,0.0,0.0
286,11.9167,0.0,0.0
287,11.9583,0.0,0.0
288,12.0,0.0,0.0
289,12.0417,0.0,0.0
290,12.0833,0.0,0.0
291,12.125,0.0,0.0
292,12.1667,0.0,0.0
293,12.2083,0.0,0.0
294,12.25,0.0,0.0
295,12.2917,0.0,0.0
296,12.3333,0.0,0.0
297,12.375,0.0,0.0
298,12.4167,0.0,0.0
299,12.4583,0.0,0.0
300,12.5,0.0,0.0
301,12.5417,0.0,0.0
302,12.5833,0.0,0.0
303,12.625,0.0,0.0
304,12.6667,0.0,0.0
305,12.7083,0.0,0.0
306,12.75,0.0,0.0
307,12.7917,0.0,0.0
308,12.8333,0.0,0.0
309,12.875,0.0,0.0
310,12.9167,0.0,0.0
311,12.9583,0.0,0.0
312,13.0,0.0,0.0
313,13.0417,0.0,0.0
314,13.0833,0.0,0.0
315,13.125,0.0,0.0
316,13.1667,0.0,0.0
317,13.2083,0.0,0.0
318,13.25,0.0,0.0
319,13.2917,0.0,0.0
320,13.3333,0.0,0.0
321,13.375,0.0,0.0
322,13.4167,0.0,0.0
323,13.4583,0.0,0.0
324,13.5,0.0,0.0
325,13.5417,0.0,0.0
326,13.5833,0.0,0.0
327,13.625,0.0,0.0
328,13.6667,0.0,0.0
329,13.7083,0.0,0.0
330,13.75,0.0,0.0
331,13.7917,0.0,0.0
332,13.8333,0.0,0.0
333,13.875,0.0,0.0
334,13.9167,0.0,0.0
335,13.9583,0.0,0.0
336,14.0,0.0,0.0
337,14.0417,0.0,0.0
338,14.0833,0.0,0.0
339,14.125,0.0,0.0
340,14.1667,0.0,0.0
341,14.2083,0.0,0.0
342,14.25,0.0,0.0
343,14.2917,0.0,0.0
344,14.3333,0.0,0.0
345,14.375,0.0,0.0
346,14.4167,0.0,0.0
347,14.4583,0.0,0.0
348,14.5,0.0,0.0
349,14.5417,0.0,0.0
350,14.5833,0.0,0.0
351,14.625,0.0,0.0
352,14.6667,0.0,0.0
353,14.7083,0.0,0.0
354,14.75,0.0,0.0
355,14.7917,0.0,0.0
356,14.8333,0.0,0.0
357,14.875,0.0,0.0
358,14.9167,0.0,0.0
359,14.9583,0.0,0.0
360,15.0,0.0,0.0
361,15.0417,0.0,0.0
362,15.0833,0.0,0.0
363,15.125,0.0,0.0
364,15.1667,0.0,0.0
365,15.2083,0.0,0.0
366,15.25,0.0,0.0
367,15.2917,0.0,0.0
368,15.3333,0.0,0.0
369,15.375,0.0,0.0
370,15.4167,0.0,0.0
371,15.4583,0.0,0.0
372,15.5,0.0,0.0
373,15.5417,0.0,0.0
374,15.5833,0.0,0.0
375,15.625,0.0,0.0
376,15.6667,0.0,0.0
377,15.7083,0.0,0.0
378,15.75,0.0,0.0
379,15.7917,0.0,0.0
380,15.8333,0.0,0.0
381,15.875,0.0,0.0
382,15.9167,0.0,0.0
383,15.9583,0.0,0.0
384,16.0,0.0,0.0
385,16.0417,0.0,0.0
386,16.0833,0.0,0.0
387,16.125,0.0,0.0
388,16.1667,0.0,0.0
389,16.2083,0.0,0.0
390,16.25,0.0,0.0
391,16.2917,0.0,0.0
392,16.3333,0.0,0.0
393,16.375,0.0,0.0
394,16.4167,0.0,0.0
395,16.4583,0.0,0.0
396,16.5,0.0,0.0
397,16.5417,0.0,0.0
398,16.5833,0.0,0.0
399,16.625,0.0,0.0
400,16.6667,0.0,0.0
401,16.7083,0.0,0.0
402,16.75,0.0,0.0
403,16.7917,0.0,0.0
404,16.8333,0.0,0.0
405,16.875,0.0,0.0
406,16.9167,0.0,0.0
407,16.9583,0.0,0.0
408,17.0,0.0,0.0
409,17.0417,0.0,0.0
410,17.0833,0.0,0.0
411,17.125,0.0,0.0
412,17.1667,0.0,0.0
413,17.2083,0.0,0.0
414,17.25,0.0,0.0
415,17.2917,0.0,0.0
416,17.3333,0.0,0.0
417,17.375,0.0,0.0
418,17.4167,0.0,0.0
419,17.4583,0.0,0.0
420,17.5,0.0,0.0
421,17.5417,0.0,0.0
422,17.5833,0.0,0.0
423,17.625,0.0,0.0
424,17.6667,0.0,0.0
425,17.7083,0.0,0.0
426,17.75,0.0,0.0
427,17.7917,0.0,0.0
428,17.8333,0.0,0.0
429,17.875,0.0,0.0
430,17.9167,0.0,0.0
431,17.9583,0.0,0.0
432,18.0,0.0,0.0
433,18.0417,0.0,0.0
434,18.0833,0.0,0.0
435,18.125,0.0,0.0
436,18.1667,0.0,0.0
437,18.2083,0.0,0.0
438,18.25,0.0,0.0
439,18.2917,0.0,0.0
440,18.3333,0.0,0.0
441,18.375,0.0,0.0
442,18.4167,0.0,0.0
443,18.4583,0.0,0.0
444,18.5,0.0,0.0
445,18.5417,0.0,0.0
446,18.5833,0.0,0.0
447,18.625,0.0,0.0
448,18.6667,0.0,0.0
449,18.7083,0.0,0.0
450,18.75,0.0,0.0
451,18.7917,0.0,0.0
452,18.8333,0.0,0.0
453,18.875,0.0,0.0
454,18.9167,0.0,0.0
455,18.9583,0.0,0.0
456,19.0,0.0,0.0
457,19.0417,0.0,0.0
458,19.0833,0.0,0.0
459,19.125,0.0,0.0
460,19.1667,0.0,0.0
461,19.2083,0.0,0.0
462,19.25,0.0,0.0
463,19.2917,0.0,0.0
464,19.3333,0.0,0.0
465,19.375,0.0,0.0
466,19.4167,0.0,0.0
467,19.4583,0.0,0.0
468,19.5,0.0,0.0
469,19.5417,0.0,0.0
470,19.5833,0.0,0.0
471,19.625,0.0,0.0
472,19.6667,0.0,0.0
473,19.7083,0.0,0.0
474,19.75,0.0,0.0
475,19.7917,0.0,0.0
476,19.8333,0.0,0.0
477,19.875,0.0,0.0
478,19.9167,0.0,0.0
479,19.9583,0.0,0.0
480,20.0,0.0,0.0
481,20.0417,0.0,0.0
482,20.0833,0.0,0.0
483,20.125,0.0,0.0
484,20.1667,0.0,0.0
485,20.2083,0.0,0.0
486,20.25,0.0,0.0
487,20.2917,0.0,0.0
488,20.3333,0.0,0.0
489,20.375,0.0,0.0
490,20.4167,0.0,0.0
491,20.4583,0.0,0.0
492,20.5,0.0,0.0
493,20.5417,0.0,0.0
494,20.5833,0.0,0.0
495,20.625,0.0,0.0
496,20.6667,0.0,0.0
497,20.7083,0.0,0.0
498,20.75,0.0,0.0
499,20.7917,0.0,0.0
500,20.8333,0.0,0.0
501,20.875,0.0,0.0
502,20.9167,0.0,0.0
503,20.9583,0.0,0.0
504,21.0,0.0,0.0
505,21.0417,0.0,0.0
506,21.0833,0.0,0.0
507,21.125,0.0,0.0
508,21.1667,0.0,0.0
509,21.2083,0.0,0.0
510,21.25,0.0,0.0
511,21.2917,0.0,0.0
512,21.3333,0.0,0.0
513,21.375,0.0,0.0
514,21.4167,0.0,0.0
515,21.4583,0.0,0.0
516,21.5,0.0,0.0
517,21.5417,0.0,0.0
518,21.5833,0.0,0.0
519,21.625,0.0,0.0
520,21.6667,0.0,0.0
521,21.7083,0.0,0.0
522,21.75,0.0,0.0
523,21.7917,0.0,0.0
524,21.8333,0.0,0.0
525,21.875,0.0,0.0
526,21.9167,0.0,0.0
527,21.9583,0.0,0.0
528,22.0,0.0,0.0
529,22.0417,0.0,0.0
530,22.0833,0.0,0.0
531,22.125,0.0,0.0
532,22.1667,0.0,0.0
533,22.2083,0.0,0.0
534,22.25,0.0,0.0
535,22.2917,0.0,0.0
536,22.3333,0.0,0.0
537,22.375,0.0,0.0
538,22.4167,0.0,0.0
539,22.4583,0.0,0.0
540,22.5,0.0,0.0
541,22.5417,0.0,0.0
542,22.5833,0.0,0.0
543,22.625,0.0,0.0
544,22.6667,0.0,0.0
545,22.7083,0.0,0.0
546,22.75,0.0,0.0
547,22.7917,0.0,0.0
548,22.8333,0.0,0.0
549,22.875,0.0,0.0
550,22.9167,0.0,0.0
551,22.9583,0.0,0.0
552,23.0,0.0,0.0
553,23.0417,0.0,0.0
554,23.0833,0.0,0.0
555,23.125,0.0,0.0
556,23.1667,0.0,0.0
557,23.2083,0.0,0.0
558,23.25,0.0,0.0
559,23.2917,0.0,0.0
560,23.3333,0.0,0.0
561,23.375,0.0,0.0
562,23.4167,0.0,0.0
563,23.4583,0.0,0.0
564,23.5,0.0,0.0
565,23.5417,0.0,0.0
566,23.5833,0.0,0.0
567,23.625,0.0,0.0
568,23.6667,0.0,0.0
569,23.7083,0.0,0.0
570,23.75,0.0,0.0
571,23.7917,0.0,0.0
572,23.8333,0.0,0.0
573,23.875,0.0,0.0
574,23.9167,0.0,0.0
575,23.9583,0.0,0.0
576,24.0,0.0,0.0
577,24.0417,0.0,0.0
578,24.0833,0.0,0.0
579,24.125,0.0,0.0
580,24.1667,0.0,0.0
581,24.2083,0.0,0.0
582,24.25,0.0,0.0
583,24.2917,0.0,0.0
584,24.3333,0.0,0.0
585,24.375,0.0,0.0
586,24.4167,0.0,0.0
587,24.4583,0.0,0.0
588,24.5,0.0,0.0
589,24.5417,0.0,0.0
590,24.5833,0.0,0.0
591,24.625,0.0,0.0
592,24.6667,0.0,0.0
593,24.7083,0.0,0.0
594,24.75,0.0,0.0
595,24.7917,0.0,0.0
596,24.8333,0.0,0.0
597,24.875,0.0,0.0
598,24.9167,0.0,0.0
599,24.9583,0.0,0.0
600,25.0,0.0,0.0
601,25.0417,0.0,0.0
602,25.0833,0.0,0.0
603,25.125,0.0,0.0
604,25.1667,0.0,0.0
605,25.2083,0.0,0.0
606,25.25,0.0,0.0
607,25.2917,0.0,0.0
608,25.3333,0.0,0.0
609,25.375,0.0,0.0
610,25.4167,0.0,0.0
611,25.4583,0.0,0.0
612,25.5,0.0,0.0
613,25.5417,0.0,0.0
614,25.5833,0.0,0.0
615,25.625,0.0,0.0
616,25.6667,0.0,0.0
617,25.7083,0.0,0.0
618,25.75,0.0,0.0
619,25.7917,0.0,0.0
620,25.8333,0.0,0.0
621,25.875,0.0,0.0
622,25.9167,0.0,0.0
623,25.9583,0.0,0.0
624,26.0,0.0,0.0
625,26.0417,0.0,0.0
626,26.0833,0.0,0.0
627,26.125,0.0,0.0
628,26.1667,0.0,0.0
629,26.2083,0.0,0.0
630,26.25,0.0,0.0
631,26.2917,0.0,0.0
632,26.3333,0.0,0.0
633,26.375,0.0,0.0
634,26.4167,0.0,0.0
635,26.4583,0.0,0.0
636,26.5,0.0,0.0
637,26.5417,0.0,0.0
638,26.5833,0.0,0.0
639,26.625,0.0,0.0
640,26.6667,0.0,0.0
641,26.7083,0.0,0.0
642,26.75,0.0,0.0
643,26.7917,0.0,0.0
644,26.8333,0.0,0.0
645,26.875,0.0,0.0
646,26.9167,0.0,0.0
647,26.9583,0.0,0.0
648,27.0,0.0,0.0
649,27.0417,0.0,0.0
650,27.0833,0.0,0.0
651,27.125,0.0,0.0
652,27.1667,0.0,0.0
653,27.2083,0.0,0.0
654,27.25,0.0,0.0
655,27.2917,0.0,0.0
656,27.3333,0.0,0.0
657,27.375,0.0,0.0
658,27.4167,0.0,0.0
659,27.4583,0.0,0.0
660,27.5,0.0,0.0
661,27.5417,0.0,0.0
662,27.5833,0.0,0.0
663,27.625,0.0,0.0
664,27.6667,0.0,0.0
665,27.7083,0.0,0.0
666,27.75,0.0,0.0
667,27.7917,0.0,0.0
668,27.8333,0.0,0.0
669,27.875,0.0,0.0
670,27.9167,0.0,0.0
671,27.9583,0.0,0.0
672,28.0,0.0,0.0
673,28.0417,0.0,0.0
674,28.0833,0.0,0.0
675,28.125,0.0,0.0
676,28.1667,0.0,0.0
677,28.2083,0.0,0.0
678,28.25,0.0,0.0
679,28.2917,0.0,0.0
680,28.3333,0.0,0.0
681,28.375,0.0,0.0
682,28.4167,0.0,0.0
683,28.4583,0.0,0.0
684,28.5,0.0,0.0
685,28.5417,0.0,0.0
686,28.5833,0.0,0.0
687,28.625,0.0,0.0
688,28.6667,0.0,0.0
689,28.7083,0.0,0.0
690,28.75,0.0,0.0
691,28.7917,0.0,0.0
692,28.8333,0.0,0.0
693,28.875,0.0,0.0
694,28.9167,0.0,0.0
695,28.9583,0.0,0.0
696,29.0,0.0,0.0
697,29.0417,0.0,0.0
698,29.0833,0.0,0.0
699,29.125,0.0,0.0
700,29.1667,0.0,0.0
701,29.2083,0.0,0.0
702,29.25,0.0,0.0
703,29.2917,0.0,0.0
704,29.3333,0.0,0.0
705,29.375,0.0,0.0
706,29.4167,0.0,0.0
707,29.4583,0.0,0.0
708,29.5,0.0,0.0
709,29.5417,0.0,0.0
710,29.5833,0.0,0.0
711,29.625,0.0,0.0
712,29.6667,0.0,0.0
713,29.7083,0.0,0.0
714,29.75,0.0,0.0
715,29.7917,0.0,0.0
716,29.8333,0.0,0.0
717,29.875,0.0,0.0
718,29.9167,0.0,0.0
719,29.9583,0.0,0.0
720,30.0,0.0,0.0
721,30.0417,0.0,0.0
722,30.0833,0.0,0.0
723,30.125,0.0,0.0
724,30.1667,0.0,0.0
725,30.2083,0.0,0.0
726,30.25,0.0,0.0
727,30.2917,0.0,0.0
728,30.3333,0.0,0.0
729,30.375,0.0,0.0
730,30.4167,0.0,0.0
731,30.4583,0.0,0.0
732,30.5,0.0,0.0
733,30.5417,0.0,0.0
734,30.5833,0.0,0.0
735,30.625,0.0,0.0
736,30.6667,0.0,0.0
737,30.7083,0.0,0.0
738,30.75,0.0,0.0
739,30.7917,0.0,0.0
740,30.8333,0.0,0.0
741,30.875,0.0,0.0
742,30.9167,0.0,0.0
743,30.9583,0.0,0.0
744,31.0,0.0,0.0
745,31.0417,0.0,0.0
746,31.0833,0.0,0.0
747,31.125,0.0,0.0
