model,run_id,rule,hold_s,alarms,minutes,per_hour,per_hour_FIRESENSE,per_hour_KMU,FIRESENSE_neg_clips_with_alarm,positives_detected,per_hour_indoor,minutes_indoor,per_hour_outdoor,minutes_outdoor,onset_annotated_clips,median_time_to_alarm_s,alarm_within_5s_of_onset,median_first_alarm_s,median_layer_delay_s
No negatives (paper),tournament__yolo26n__s42,1-of-1,0.0,431,31.63,817.6,1823.0,27.1,13/20,23/23,2028.6,2.19,753.1,26.29,22,0.0,21/22,0.0,0.0
No negatives (paper),tournament__yolo26n__s42,3-of-5,0.0,88,31.63,166.9,366.3,10.2,9/20,23/23,520.9,2.19,141.5,26.29,22,0.07,21/22,0.2,0.12
No negatives (paper),tournament__yolo26n__s42,3-of-5,30.0,12,31.63,22.8,43.1,6.8,9/20,23/23,82.2,2.19,16.0,26.29,22,0.07,21/22,0.2,0.12
Deployed kd6 (paper),kd__kd6__s42,1-of-1,0.0,116,31.63,220.0,495.6,3.4,6/20,22/23,685.3,2.19,203.1,26.29,22,0.0,17/22,0.12,0.0
Deployed kd6 (paper),kd__kd6__s42,3-of-5,0.0,17,31.63,32.2,69.0,3.4,5/20,20/23,164.5,2.19,22.8,26.29,22,0.2,15/22,0.4,0.16
Deployed kd6 (paper),kd__kd6__s42,3-of-5,30.0,7,31.63,13.3,25.9,3.4,5/20,20/23,54.8,2.19,9.1,26.29,22,0.2,15/22,0.4,0.16
No negatives s42,N0__noKD__yolo26n__s42,1-of-1,0.0,539,31.63,1022.4,2210.9,88.1,15/20,23/23,1672.3,2.19,965.4,26.29,22,0.0,21/22,0.0,0.0
No negatives s42,N0__noKD__yolo26n__s42,3-of-5,0.0,112,31.63,212.5,443.9,30.5,12/20,23/23,383.8,2.19,203.1,26.29,22,0.07,21/22,0.08,0.07
No negatives s42,N0__noKD__yolo26n__s42,3-of-5,30.0,18,31.63,34.1,56.0,16.9,12/20,23/23,82.2,2.19,29.7,26.29,22,0.07,21/22,0.08,0.07
L-ratio s42,L__noKD__yolo26n__s42,1-of-1,0.0,383,31.63,726.5,1232.6,328.6,10/20,23/23,657.9,2.19,755.4,26.29,22,0.0,21/22,0.0,0.0
L-ratio s42,L__noKD__yolo26n__s42,3-of-5,0.0,74,31.63,140.4,237.0,64.4,8/20,22/23,246.7,2.19,134.6,26.29,22,0.07,19/22,0.07,0.07
L-ratio s42,L__noKD__yolo26n__s42,3-of-5,30.0,17,31.63,32.2,43.1,23.7,8/20,22/23,54.8,2.19,29.7,26.29,22,0.07,19/22,0.07,0.07
M-top s42,M__noKD__yolo26n__s42,1-of-1,0.0,43,31.63,81.6,185.3,0.0,9/20,20/23,356.4,2.19,61.6,26.29,22,0.0,17/22,0.0,0.0
M-top s42,M__noKD__yolo26n__s42,3-of-5,0.0,6,31.63,11.4,25.9,0.0,3/20,20/23,82.2,2.19,6.8,26.29,22,0.08,17/22,0.35,0.16
M-top s42,M__noKD__yolo26n__s42,3-of-5,30.0,3,31.63,5.7,12.9,0.0,3/20,20/23,27.4,2.19,4.6,26.29,22,0.08,17/22,0.35,0.16
Positive-aware s42,PA__noKD__yolo26n__s42,1-of-1,0.0,136,31.63,258.0,560.3,20.3,7/20,21/23,877.2,2.19,225.9,26.29,22,0.0,18/22,0.03,0.0
Positive-aware s42,PA__noKD__yolo26n__s42,3-of-5,0.0,36,31.63,68.3,137.9,13.6,4/20,19/23,329.0,2.19,54.8,26.29,22,0.11,16/22,0.17,0.08
Positive-aware s42,PA__noKD__yolo26n__s42,3-of-5,30.0,5,31.63,9.5,17.2,3.4,4/20,19/23,82.2,2.19,4.6,26.29,22,0.11,16/22,0.17,0.08
Positive-aware + KD s42,PA__KD__yolo26n__s42,1-of-1,0.0,79,31.63,149.9,340.5,0.0,5/20,22/23,109.7,2.19,162.0,26.29,22,0.0,16/22,0.27,0.0
Positive-aware + KD s42,PA__KD__yolo26n__s42,3-of-5,0.0,7,31.63,13.3,30.2,0.0,4/20,19/23,27.4,2.19,11.4,26.29,22,0.35,13/22,0.92,0.08
Positive-aware + KD s42,PA__KD__yolo26n__s42,3-of-5,30.0,4,31.63,7.6,17.2,0.0,4/20,19/23,27.4,2.19,4.6,26.29,22,0.35,13/22,0.92,0.08
Union + KD s42,U3276__KD__yolo26n__s42,1-of-1,0.0,83,31.63,157.4,357.7,0.0,8/20,20/23,301.6,2.19,157.5,26.29,22,0.0,17/22,0.0,0.0
Union + KD s42,U3276__KD__yolo26n__s42,3-of-5,0.0,19,31.63,36.0,81.9,0.0,6/20,20/23,27.4,2.19,38.8,26.29,22,0.17,14/22,0.4,0.3
Union + KD s42,U3276__KD__yolo26n__s42,3-of-5,30.0,6,31.63,11.4,25.9,0.0,6/20,20/23,27.4,2.19,9.1,26.29,22,0.17,14/22,0.4,0.3
Union + KD s123,U3276__KD__yolo26n__s123,1-of-1,0.0,123,31.63,233.3,530.1,0.0,10/20,21/23,356.4,2.19,241.9,26.29,22,0.0,19/22,0.1,0.0
Union + KD s123,U3276__KD__yolo26n__s123,3-of-5,0.0,14,31.63,26.6,60.3,0.0,7/20,19/23,109.7,2.19,20.5,26.29,22,0.12,16/22,0.3,0.1
Union + KD s123,U3276__KD__yolo26n__s123,3-of-5,30.0,8,31.63,15.2,34.5,0.0,7/20,19/23,54.8,2.19,11.4,26.29,22,0.12,16/22,0.3,0.1
Union + KD s2024,U3276__KD__yolo26n__s2024,1-of-1,0.0,100,31.63,189.7,431.0,0.0,8/20,21/23,246.7,2.19,196.3,26.29,22,0.02,14/22,0.03,0.0
Union + KD s2024,U3276__KD__yolo26n__s2024,3-of-5,0.0,16,31.63,30.4,69.0,0.0,4/20,19/23,27.4,2.19,32.0,26.29,22,0.17,13/22,0.5,0.13
Union + KD s2024,U3276__KD__yolo26n__s2024,3-of-5,30.0,4,31.63,7.6,17.2,0.0,4/20,19/23,27.4,2.19,4.6,26.29,22,0.17,13/22,0.5,0.13
