image,conf,cls
fc_AoF00000.jpg,0.01611,1
fc_AoF00000.jpg,0.0121,1
fc_AoF00000.jpg,0.01077,1
fc_AoF00000.jpg,0.01011,1
fc_AoF00028.jpg,0.03232,0
fc_AoF00028.jpg,0.03078,1
fc_AoF00036.jpg,0.07683,1
fc_AoF00036.jpg,0.01275,1
fc_AoF00050.jpg,0.02771,1
fc_AoF00050.jpg,0.02099,1
fc_AoF00050.jpg,0.01879,1
fc_AoF00075.jpg,0.02439,1
fc_AoF00079.jpg,0.02302,1
fc_AoF00093.jpg,0.18405,1
fc_AoF00093.jpg,0.01293,1
fc_AoF00095.jpg,0.5779,1
fc_AoF00095.jpg,0.518,1
fc_AoF00095.jpg,0.09409,0
fc_AoF00095.jpg,0.055,1
fc_AoF00095.jpg,0.04792,0
fc_AoF00095.jpg,0.01437,0
fc_AoF00194.jpg,0.27767,1
fc_AoF00194.jpg,0.02304,1
fc_AoF00513.jpg,0.1531,1
fc_AoF00513.jpg,0.0142,1
fc_AoF00853.jpg,0.02159,1
fc_AoF00853.jpg,0.01917,1
fc_AoF00925.jpg,0.12556,1
fc_AoF01018.jpg,0.32158,1
fc_AoF01018.jpg,0.07531,1
fc_AoF01061.jpg,0.13199,1
fc_AoF01061.jpg,0.02623,1
fc_AoF01062.jpg,0.14997,1
fc_AoF01247.jpg,0.04923,1
fc_AoF01248.jpg,0.0358,1
fc_AoF01248.jpg,0.01899,1
fc_AoF01270.jpg,0.02368,1
fc_AoF01285.jpg,0.02272,1
fc_AoF01287.jpg,0.09428,1
fc_AoF01287.jpg,0.0298,1
fc_AoF01287.jpg,0.02766,1
fc_AoF01309.jpg,0.06974,1
fc_AoF01315.jpg,0.02502,1
fc_AoF01315.jpg,0.02252,1
fc_AoF01316.jpg,0.02109,1
fc_AoF01316.jpg,0.01562,1
fc_AoF01316.jpg,0.01051,1
fc_AoF01336.jpg,0.02792,1
fc_AoF01371.jpg,0.03056,1
fc_AoF01386.jpg,0.03908,1
fc_AoF01428.jpg,0.15833,1
fc_AoF01432.jpg,0.10945,1
fc_AoF01432.jpg,0.02651,0
fc_AoF01438.jpg,0.0111,1
fc_AoF01470.jpg,0.06496,1
fc_AoF01470.jpg,0.01006,0
fc_AoF01542.jpg,0.06866,1
fc_AoF01542.jpg,0.01697,1
fc_AoF01593.jpg,0.73598,1
fc_AoF01636.jpg,0.44451,1
fc_AoF01693.jpg,0.09899,1
fc_AoF01693.jpg,0.09048,1
fc_AoF01693.jpg,0.03809,1
fc_AoF01693.jpg,0.01508,1
fc_AoF01693.jpg,0.01455,1
fc_AoF01827.jpg,0.0122,1
fc_AoF01916.jpg,0.43204,0
fc_AoF01926.jpg,0.47764,0
fc_AoF02128.jpg,0.42171,0
fc_AoF02128.jpg,0.1471,0
fc_AoF02128.jpg,0.12708,1
fc_AoF02128.jpg,0.02161,0
fc_AoF02305.jpg,0.15736,1
fc_AoF02305.jpg,0.02124,1
fc_AoF02305.jpg,0.0183,1
fc_AoF02305.jpg,0.01158,1
fc_AoF02436.jpg,0.34262,1
fc_AoF02436.jpg,0.02817,1
fc_AoF02436.jpg,0.02211,1
fc_AoF02551.jpg,0.02814,1
fc_AoF02551.jpg,0.01276,1
fc_AoF02551.jpg,0.01036,1
fc_AoF02764.jpg,0.01009,0
fc_AoF02766.jpg,0.01161,0
fc_AoF02785.jpg,0.48282,1
fc_AoF02885.jpg,0.06672,1
fc_AoF02930.jpg,0.31769,0
fc_AoF02930.jpg,0.01005,1
fc_AoF02934.jpg,0.1514,0
fc_AoF02934.jpg,0.01987,1
fc_AoF02934.jpg,0.01383,1
fc_AoF03061.jpg,0.11202,1
fc_AoF03071.jpg,0.03382,1
fc_AoF03097.jpg,0.06447,0
fc_AoF03097.jpg,0.0448,1
fc_AoF03097.jpg,0.01261,1
fc_AoF03097.jpg,0.01151,1
fc_AoF03237.jpg,0.05014,1
fc_AoF03237.jpg,0.02169,1
fc_AoF03383.jpg,0.1093,1
fc_AoF03528.jpg,0.05668,1
fc_AoF03528.jpg,0.02557,1
fc_AoF03528.jpg,0.02145,1
fc_AoF03536.jpg,0.17287,1
fc_AoF03541.jpg,0.04336,1
fc_AoF03541.jpg,0.04244,1
fc_AoF03541.jpg,0.0256,0
fc_AoF03541.jpg,0.01586,1
fc_AoF03541.jpg,0.01049,1
fc_AoF03543.jpg,0.04167,0
fc_AoF03543.jpg,0.0249,1
fc_AoF03561.jpg,0.06604,1
fc_AoF03561.jpg,0.04781,1
fc_AoF03602.jpg,0.10938,0
fc_AoF03608.jpg,0.09245,1
fc_AoF03608.jpg,0.0179,1
fc_AoF03609.jpg,0.01085,0
fc_AoF03623.jpg,0.01102,1
fc_AoF03640.jpg,0.04296,1
fc_AoF03675.jpg,0.046,0
fc_AoF03675.jpg,0.03769,0
fc_AoF03681.jpg,0.03039,0
fc_AoF03681.jpg,0.02807,0
fc_AoF03697.jpg,0.01355,1
fc_AoF03716.jpg,0.50514,1
fc_AoF03732.jpg,0.38829,0
fc_AoF03732.jpg,0.05105,0
fc_AoF03732.jpg,0.02851,1
fc_AoF03732.jpg,0.02772,1
fc_AoF03732.jpg,0.02303,0
fc_AoF03732.jpg,0.02236,1
fc_AoF03732.jpg,0.01734,1
fc_AoF03732.jpg,0.01027,1
fc_AoF03738.jpg,0.02677,0
fc_AoF03738.jpg,0.02514,1
fc_AoF03738.jpg,0.01149,1
fc_AoF03784.jpg,0.07758,1
fc_AoF03794.jpg,0.01399,0
fc_AoF03949.jpg,0.01342,1
fc_AoF03991.jpg,0.32377,1
fc_AoF03991.jpg,0.11418,1
fc_AoF03991.jpg,0.06243,1
fc_AoF03991.jpg,0.04291,1
fc_AoF03991.jpg,0.0401,0
fc_AoF03991.jpg,0.03031,0
fc_AoF03991.jpg,0.02012,1
fc_AoF03991.jpg,0.01938,1
fc_AoF03991.jpg,0.01651,0
fc_AoF03991.jpg,0.01385,0
fc_AoF06730.jpg,0.01557,1
fc_AoF06733.jpg,0.23936,1
fc_AoF06734.jpg,0.44012,1
fc_AoF06835.jpg,0.22535,1
fc_AoF06856.jpg,0.03306,0
fc_AoF07074.jpg,0.01543,1
fc_AoF07087.jpg,0.14732,1
fc_AoF07087.jpg,0.01395,1
fc_AoF07252.jpg,0.0779,1
fc_AoF07252.jpg,0.01776,0
fc_AoF07253.jpg,0.02007,0
fc_AoF07500.jpg,0.14089,1
fc_AoF07500.jpg,0.02727,1
fc_AoF07610.jpg,0.04441,1
fc_AoF07610.jpg,0.01597,1
fc_AoF07617.jpg,0.0241,1
fc_AoF07617.jpg,0.02129,1
fc_AoF07619.jpg,0.02141,0
fc_AoF07619.jpg,0.01845,0
fc_AoF07619.jpg,0.01619,1
fc_AoF07619.jpg,0.01265,0
fc_AoF07644.jpg,0.01568,0
fc_AoF07644.jpg,0.01213,0
fc_PublicDataset00861.jpg,0.21115,0
fc_PublicDataset00872.jpg,0.17717,0
fc_PublicDataset00872.jpg,0.11342,0
fc_PublicDataset00872.jpg,0.08719,0
fc_PublicDataset00872.jpg,0.07211,0
fc_PublicDataset00872.jpg,0.06838,0
fc_PublicDataset00886.jpg,0.03107,0
fc_PublicDataset00892.jpg,0.08232,0
fc_PublicDataset00909.jpg,0.01128,0
fc_PublicDataset00921.jpg,0.19783,1
fc_PublicDataset00921.jpg,0.14566,1
fc_PublicDataset00921.jpg,0.02455,1
fc_PublicDataset00921.jpg,0.01952,1
fc_PublicDataset00921.jpg,0.01846,1
fc_PublicDataset00921.jpg,0.01009,0
fc_PublicDataset00947.jpg,0.02638,0
fc_PublicDataset00981.jpg,0.03078,0
fc_PublicDataset00981.jpg,0.01604,0
fc_PublicDataset00986.jpg,0.08729,1
fc_PublicDataset00986.jpg,0.04241,1
fc_PublicDataset00986.jpg,0.01131,1
fc_PublicDataset00990.jpg,0.45449,0
fc_PublicDataset00990.jpg,0.17158,0
fc_PublicDataset00990.jpg,0.02793,0
fc_PublicDataset00990.jpg,0.01578,0
fc_PublicDataset01311.jpg,0.0282,0
fc_WEB00012.jpg,0.01445,1
fc_WEB00018.jpg,0.09474,1
fc_WEB00018.jpg,0.02307,1
fc_WEB00038.jpg,0.01196,1
fc_WEB00038.jpg,0.01053,1
fc_WEB00041.jpg,0.01178,0
fc_WEB00081.jpg,0.01703,0
fc_WEB00105.jpg,0.01963,0
fc_WEB00115.jpg,0.08517,0
fc_WEB00116.jpg,0.4457,0
fc_WEB00116.jpg,0.04169,0
fc_WEB00116.jpg,0.02081,1
fc_WEB00122.jpg,0.10342,0
fc_WEB00126.jpg,0.16594,0
fc_WEB00126.jpg,0.08605,0
fc_WEB00180.jpg,0.21472,1
fc_WEB00180.jpg,0.01324,1
fc_WEB00197.jpg,0.56964,0
fc_WEB00198.jpg,0.33997,0
fc_WEB00201.jpg,0.47488,0
fc_WEB00209.jpg,0.46715,0
fc_WEB00209.jpg,0.13843,1
fc_WEB00209.jpg,0.02628,0
fc_WEB00210.jpg,0.65863,0
fc_WEB00210.jpg,0.10896,1
fc_WEB00210.jpg,0.09305,0
fc_WEB00210.jpg,0.04121,1
fc_WEB00213.jpg,0.5551,0
fc_WEB00221.jpg,0.20573,0
fc_WEB00221.jpg,0.0246,1
fc_WEB00223.jpg,0.13283,0
fc_WEB00224.jpg,0.07727,0
fc_WEB00225.jpg,0.02685,0
fc_WEB00231.jpg,0.2193,0
fc_WEB00239.jpg,0.57219,0
fc_WEB00239.jpg,0.15044,0
fc_WEB00239.jpg,0.12573,1
fc_WEB00239.jpg,0.01718,1
fc_WEB00245.jpg,0.09975,1
fc_WEB00248.jpg,0.02282,0
fc_WEB00248.jpg,0.02027,0
fc_WEB00265.jpg,0.10016,1
fc_WEB00267.jpg,0.01878,1
fc_WEB00267.jpg,0.01195,1
fc_WEB00269.jpg,0.18021,0
fc_WEB00269.jpg,0.09486,0
fc_WEB00269.jpg,0.09311,0
fc_WEB00269.jpg,0.04324,0
fc_WEB00269.jpg,0.02114,0
fc_WEB00269.jpg,0.01507,0
fc_WEB00270.jpg,0.23516,0
fc_WEB00270.jpg,0.16562,0
fc_WEB00270.jpg,0.06517,0
fc_WEB00270.jpg,0.04362,0
fc_WEB00271.jpg,0.17644,0
fc_WEB00271.jpg,0.16319,0
fc_WEB00271.jpg,0.04842,0
fc_WEB00271.jpg,0.03149,0
fc_WEB00294.jpg,0.22589,0
fc_WEB00294.jpg,0.10754,0
fc_WEB00294.jpg,0.07411,0
fc_WEB00294.jpg,0.01483,0
fc_WEB00294.jpg,0.01345,0
fc_WEB00296.jpg,0.2316,0
fc_WEB00296.jpg,0.05186,0
fc_WEB00296.jpg,0.04417,0
fc_WEB00296.jpg,0.04326,0
fc_WEB00296.jpg,0.02238,0
fc_WEB00316.jpg,0.07222,1
fc_WEB00316.jpg,0.01821,1
fc_WEB00319.jpg,0.59587,0
fc_WEB00319.jpg,0.47608,0
fc_WEB00319.jpg,0.46333,0
fc_WEB00319.jpg,0.34082,0
fc_WEB00319.jpg,0.03907,0
fc_WEB00319.jpg,0.0118,0
fc_WEB00332.jpg,0.01639,1
fc_WEB00340.jpg,0.11137,1
fc_WEB00347.jpg,0.71622,0
fc_WEB00347.jpg,0.67089,0
fc_WEB00347.jpg,0.02743,0
fc_WEB00347.jpg,0.01032,0
fc_WEB00353.jpg,0.06223,1
fc_WEB00353.jpg,0.03307,0
fc_WEB00365.jpg,0.44489,0
fc_WEB00365.jpg,0.1745,0
fc_WEB00368.jpg,0.70894,0
fc_WEB00368.jpg,0.61299,0
fc_WEB00368.jpg,0.01203,1
fc_WEB00381.jpg,0.07933,1
fc_WEB00381.jpg,0.04878,1
fc_WEB00381.jpg,0.01015,1
fc_WEB00382.jpg,0.3434,1
fc_WEB00385.jpg,0.01161,1
fc_WEB00385.jpg,0.01148,1
fc_WEB00392.jpg,0.01791,1
fc_WEB00392.jpg,0.01683,1
fc_WEB00394.jpg,0.01938,1
fc_WEB00394.jpg,0.01311,1
fc_WEB00394.jpg,0.01157,1
fc_WEB00397.jpg,0.01136,1
fc_WEB00397.jpg,0.01135,1
fc_WEB00404.jpg,0.04831,1
fc_WEB00404.jpg,0.01651,1
fc_WEB00404.jpg,0.01222,1
fc_WEB00419.jpg,0.45795,0
fc_WEB00419.jpg,0.09912,0
fc_WEB00419.jpg,0.04933,1
fc_WEB00419.jpg,0.0267,0
fc_WEB00419.jpg,0.01246,0
fc_WEB00431.jpg,0.17363,0
fc_WEB00431.jpg,0.0112,0
fc_WEB00432.jpg,0.23913,0
fc_WEB00437.jpg,0.01195,0
fc_WEB00446.jpg,0.04143,1
fc_WEB00461.jpg,0.0148,1
fc_WEB00461.jpg,0.0138,1
fc_WEB00463.jpg,0.22654,1
fc_WEB00466.jpg,0.01841,0
fc_WEB00472.jpg,0.10512,0
fc_WEB00490.jpg,0.29424,0
fc_WEB00495.jpg,0.20733,1
fc_WEB00495.jpg,0.03592,1
fc_WEB00495.jpg,0.01201,1
fc_WEB00495.jpg,0.0119,1
fc_WEB00495.jpg,0.01132,1
fc_WEB00496.jpg,0.01153,1
fc_WEB00501.jpg,0.64487,1
fc_WEB00509.jpg,0.79256,1
fc_WEB00509.jpg,0.4698,1
fc_WEB00510.jpg,0.01281,1
fc_WEB00520.jpg,0.01383,1
fc_WEB00523.jpg,0.43469,1
fc_WEB00532.jpg,0.02509,1
fc_WEB00532.jpg,0.01616,1
fc_WEB00540.jpg,0.14993,1
fc_WEB00540.jpg,0.06597,1
fc_WEB00540.jpg,0.04852,1
fc_WEB00540.jpg,0.04035,1
fc_WEB00540.jpg,0.03624,1
fc_WEB00540.jpg,0.02408,1
fc_WEB00547.jpg,0.05051,1
fc_WEB00547.jpg,0.04504,1
fc_WEB00547.jpg,0.0352,1
fc_WEB00547.jpg,0.01694,1
fc_WEB00547.jpg,0.01287,1
fc_WEB00557.jpg,0.03354,1
fc_WEB00557.jpg,0.01843,1
fc_WEB00557.jpg,0.01731,1
fc_WEB00562.jpg,0.23235,1
fc_WEB00562.jpg,0.01624,1
fc_WEB00562.jpg,0.01528,1
fc_WEB00562.jpg,0.01114,1
fc_WEB00564.jpg,0.10828,1
fc_WEB00564.jpg,0.06807,1
fc_WEB00564.jpg,0.04804,1
fc_WEB00564.jpg,0.04654,1
fc_WEB00564.jpg,0.01472,1
fc_WEB00564.jpg,0.01252,1
fc_WEB00564.jpg,0.01191,1
fc_WEB00564.jpg,0.01187,1
fc_WEB00570.jpg,0.01488,1
fc_WEB00571.jpg,0.03605,1
fc_WEB00572.jpg,0.47349,1
fc_WEB00572.jpg,0.4638,1
fc_WEB00572.jpg,0.09234,1
fc_WEB00572.jpg,0.02829,1
fc_WEB00574.jpg,0.26201,1
fc_WEB00588.jpg,0.12332,1
fc_WEB00588.jpg,0.05003,1
fc_WEB00588.jpg,0.02158,1
fc_WEB00588.jpg,0.01806,1
fc_WEB00591.jpg,0.02843,1
fc_WEB00592.jpg,0.06651,1
fc_WEB00592.jpg,0.05331,1
fc_WEB00592.jpg,0.02111,1
fc_WEB00592.jpg,0.01868,1
fc_WEB00595.jpg,0.25409,1
fc_WEB00597.jpg,0.04487,1
fc_WEB00597.jpg,0.02583,1
fc_WEB00605.jpg,0.01224,1
fc_WEB00605.jpg,0.01054,1
fc_WEB00621.jpg,0.03275,1
fc_WEB00621.jpg,0.01521,1
fc_WEB00626.jpg,0.10377,1
fc_WEB00627.jpg,0.4808,1
fc_WEB00627.jpg,0.01208,1
fc_WEB00628.jpg,0.03333,1
fc_WEB00628.jpg,0.01043,1
fc_WEB00632.jpg,0.03819,1
fc_WEB00632.jpg,0.02338,1
fc_WEB00632.jpg,0.01759,1
fc_WEB00632.jpg,0.01704,1
fc_WEB00637.jpg,0.12222,1
fc_WEB00637.jpg,0.0318,1
fc_WEB00637.jpg,0.01163,1
fc_WEB00646.jpg,0.20088,1
fc_WEB00646.jpg,0.05877,1
fc_WEB00646.jpg,0.0454,1
fc_WEB00648.jpg,0.04977,1
fc_WEB00648.jpg,0.04239,1
fc_WEB00648.jpg,0.01783,1
fc_WEB00702.jpg,0.15025,0
fc_WEB00702.jpg,0.01748,1
fc_WEB00716.jpg,0.04991,0
fc_WEB00716.jpg,0.01886,1
fc_WEB00749.jpg,0.78471,0
fc_WEB00755.jpg,0.1523,1
fc_WEB00756.jpg,0.14565,1
fc_WEB00757.jpg,0.01007,1
fc_WEB00758.jpg,0.10268,1
fc_WEB00786.jpg,0.44583,0
fc_WEB00816.jpg,0.4674,0
fc_WEB00816.jpg,0.10039,0
fc_WEB00816.jpg,0.06227,1
fc_WEB00816.jpg,0.01227,1
fc_WEB00844.jpg,0.07969,1
fc_WEB00848.jpg,0.02046,1
fc_WEB00848.jpg,0.01056,1
fc_WEB00884.jpg,0.10945,1
fc_WEB00914.jpg,0.02833,1
fc_WEB00916.jpg,0.02797,1
fc_WEB00923.jpg,0.30468,1
fc_WEB00928.jpg,0.01581,0
fc_WEB00948.jpg,0.01832,1
fc_WEB00955.jpg,0.06113,1
fc_WEB00955.jpg,0.02072,1
fc_WEB00977.jpg,0.0192,1
fc_WEB00988.jpg,0.01343,0
fc_WEB00988.jpg,0.01315,0
fc_WEB01031.jpg,0.17887,0
fc_WEB01085.jpg,0.10572,1
fc_WEB01108.jpg,0.04308,1
fc_WEB01108.jpg,0.0128,1
fc_WEB01115.jpg,0.37315,1
fc_WEB01234.jpg,0.32266,1
fc_WEB01245.jpg,0.08268,1
fc_WEB01311.jpg,0.01246,0
fc_WEB01326.jpg,0.23764,1
fc_WEB01326.jpg,0.01517,1
fc_WEB01343.jpg,0.58875,1
fc_WEB01343.jpg,0.09114,1
fc_WEB01343.jpg,0.01182,1
fc_WEB01359.jpg,0.01484,0
fc_WEB01383.jpg,0.03214,0
fc_WEB01383.jpg,0.01378,0
fc_WEB01393.jpg,0.32748,0
fc_WEB01432.jpg,0.05379,0
fc_WEB01432.jpg,0.03104,0
fc_WEB01543.jpg,0.01045,0
fc_WEB01624.jpg,0.01679,0
fc_WEB01624.jpg,0.01599,0
fc_WEB01641.jpg,0.19895,0
fc_WEB01656.jpg,0.01926,1
fc_WEB01659.jpg,0.25759,0
fc_WEB01687.jpg,0.01589,1
fc_WEB01749.jpg,0.03526,1
fc_WEB01769.jpg,0.01225,0
fc_WEB01774.jpg,0.05383,0
fc_WEB01774.jpg,0.04736,0
fc_WEB01774.jpg,0.03048,0
fc_WEB01779.jpg,0.07092,0
fc_WEB01781.jpg,0.27148,0
fc_WEB01781.jpg,0.02255,0
fc_WEB01787.jpg,0.08518,1
fc_WEB01787.jpg,0.0107,1
fc_WEB01795.jpg,0.66106,0
fc_WEB01795.jpg,0.04457,0
fc_WEB01799.jpg,0.01381,1
fc_WEB01800.jpg,0.03917,0
fc_WEB01800.jpg,0.0205,0
fc_WEB01800.jpg,0.01833,0
fc_WEB01800.jpg,0.01194,0
fc_WEB01812.jpg,0.01512,0
fc_WEB01814.jpg,0.22983,0
fc_WEB01814.jpg,0.01303,1
fc_WEB01839.jpg,0.05804,1
fc_WEB01839.jpg,0.04116,1
fc_WEB01839.jpg,0.03245,0
fc_WEB01851.jpg,0.07436,0
fc_WEB01851.jpg,0.01327,1
fc_WEB01853.jpg,0.18944,0
fc_WEB01860.jpg,0.06535,1
fc_WEB01860.jpg,0.01085,1
fc_WEB01870.jpg,0.04623,1
fc_WEB01892.jpg,0.18727,1
fc_WEB01900.jpg,0.03468,0
fc_WEB01900.jpg,0.02642,1
fc_WEB01900.jpg,0.01764,1
fc_WEB01900.jpg,0.01193,1
fc_WEB01909.jpg,0.01646,1
fc_WEB01909.jpg,0.01219,1
fc_WEB01916.jpg,0.01691,0
fc_WEB01922.jpg,0.21108,0
fc_WEB01927.jpg,0.56761,1
fc_WEB01927.jpg,0.01041,1
fc_WEB01950.jpg,0.02437,1
fc_WEB01950.jpg,0.01407,1
fc_WEB01964.jpg,0.01253,1
fc_WEB01969.jpg,0.67717,1
fc_WEB01974.jpg,0.05134,1
fc_WEB01974.jpg,0.0131,1
fc_WEB01975.jpg,0.44444,1
fc_WEB01975.jpg,0.0173,1
fc_WEB01975.jpg,0.01489,1
fc_WEB01976.jpg,0.48385,1
fc_WEB01976.jpg,0.19423,1
fc_WEB01976.jpg,0.06193,1
fc_WEB01976.jpg,0.02796,1
fc_WEB01977.jpg,0.66084,1
fc_WEB01977.jpg,0.26873,1
fc_WEB01977.jpg,0.04525,1
fc_WEB01980.jpg,0.02039,1
fc_WEB01981.jpg,0.11542,1
fc_WEB01981.jpg,0.01057,1
fc_WEB02025.jpg,0.19882,1
fc_WEB02025.jpg,0.10285,1
fc_WEB02025.jpg,0.0741,0
fc_WEB02025.jpg,0.02219,1
fc_WEB02028.jpg,0.08693,1
fc_WEB02028.jpg,0.06715,0
fc_WEB02028.jpg,0.06285,1
fc_WEB02051.jpg,0.02889,1
fc_WEB02051.jpg,0.01726,1
fc_WEB02068.jpg,0.04205,1
fc_WEB02068.jpg,0.01058,0
fc_WEB02181.jpg,0.01308,0
fc_WEB02181.jpg,0.01053,1
fc_WEB02196.jpg,0.01196,0
fc_WEB02208.jpg,0.06637,1
fc_WEB02219.jpg,0.02598,0
fc_WEB02235.jpg,0.01141,0
fc_WEB02254.jpg,0.03256,1
fc_WEB02254.jpg,0.01231,1
fc_WEB02333.jpg,0.59527,0
fc_WEB02333.jpg,0.02181,0
fc_WEB02358.jpg,0.03281,1
fc_WEB02358.jpg,0.02739,1
fc_WEB02358.jpg,0.01207,1
fc_WEB02360.jpg,0.02092,1
fc_WEB02360.jpg,0.01178,0
fc_WEB02380.jpg,0.12265,1
fc_WEB02380.jpg,0.01185,1
fc_WEB02390.jpg,0.05532,0
fc_WEB02420.jpg,0.11939,0
fc_WEB02420.jpg,0.02727,0
fc_WEB02420.jpg,0.01471,0
fc_WEB02422.jpg,0.0104,0
fc_WEB02466.jpg,0.02639,1
fc_WEB02472.jpg,0.04292,1
fc_WEB02486.jpg,0.05868,1
fc_WEB02494.jpg,0.15984,0
fc_WEB02494.jpg,0.09666,0
fc_WEB02494.jpg,0.01435,0
fc_WEB02494.jpg,0.01278,0
fc_WEB02494.jpg,0.01004,0
fc_WEB02497.jpg,0.05203,1
fc_WEB02497.jpg,0.02561,0
fc_WEB02506.jpg,0.06791,1
fc_WEB02506.jpg,0.02938,1
fc_WEB02506.jpg,0.02851,1
fc_WEB02506.jpg,0.01163,1
fc_WEB02520.jpg,0.04957,0
fc_WEB02527.jpg,0.45172,1
fc_WEB02527.jpg,0.15138,1
fc_WEB02527.jpg,0.13541,1
fc_WEB02527.jpg,0.12092,1
fc_WEB02527.jpg,0.04637,1
fc_WEB02527.jpg,0.02524,1
fc_WEB02527.jpg,0.02342,1
fc_WEB02527.jpg,0.02122,1
fc_WEB02527.jpg,0.0212,1
fc_WEB02527.jpg,0.01501,1
fc_WEB02527.jpg,0.01481,1
fc_WEB02527.jpg,0.01102,1
fc_WEB02531.jpg,0.69928,0
fc_WEB02536.jpg,0.01129,1
fc_WEB02556.jpg,0.5666,0
fc_WEB02556.jpg,0.06811,0
fc_WEB02559.jpg,0.01508,0
fc_WEB02580.jpg,0.02146,1
fc_WEB02603.jpg,0.12342,0
fc_WEB02654.jpg,0.03142,1
fc_WEB02654.jpg,0.01855,1
fc_WEB02659.jpg,0.03071,1
fc_WEB02659.jpg,0.02852,1
fc_WEB02659.jpg,0.01756,1
fc_WEB02670.jpg,0.01208,0
fc_WEB02673.jpg,0.31205,1
fc_WEB02673.jpg,0.01087,1
fc_WEB02677.jpg,0.08887,0
fc_WEB02677.jpg,0.06607,0
fc_WEB02709.jpg,0.0427,0
fc_WEB02712.jpg,0.01168,1
fc_WEB02713.jpg,0.02589,0
fc_WEB02724.jpg,0.14099,0
fc_WEB02726.jpg,0.01008,1
fc_WEB02779.jpg,0.08116,0
fc_WEB02779.jpg,0.03202,0
fc_WEB02784.jpg,0.02724,0
fc_WEB02787.jpg,0.0256,1
fc_WEB02787.jpg,0.01177,1
fc_WEB02794.jpg,0.01523,0
fc_WEB02806.jpg,0.01504,0
fc_WEB02822.jpg,0.02627,1
fc_WEB02845.jpg,0.02851,0
fc_WEB02861.jpg,0.01595,1
fc_WEB02878.jpg,0.0209,1
fc_WEB02884.jpg,0.08416,0
fc_WEB02884.jpg,0.01601,0
fc_WEB02884.jpg,0.01431,0
fc_WEB02884.jpg,0.01114,0
fc_WEB02890.jpg,0.03529,0
fc_WEB02893.jpg,0.09092,0
fc_WEB02927.jpg,0.03837,1
fc_WEB02935.jpg,0.52794,0
fc_WEB02943.jpg,0.15652,0
fc_WEB02943.jpg,0.11248,0
fc_WEB02943.jpg,0.05635,0
fc_WEB02943.jpg,0.04494,0
fc_WEB02943.jpg,0.01732,0
fc_WEB02946.jpg,0.0309,0
fc_WEB02980.jpg,0.33964,1
fc_WEB02980.jpg,0.1035,1
fc_WEB02980.jpg,0.01145,1
fc_WEB02986.jpg,0.54461,1
fc_WEB02987.jpg,0.71362,0
fc_WEB02992.jpg,0.84316,0
fc_WEB02992.jpg,0.40494,1
fc_WEB02993.jpg,0.27453,0
fc_WEB02993.jpg,0.01494,1
fc_WEB03007.jpg,0.18984,1
fc_WEB03007.jpg,0.18169,1
fc_WEB03007.jpg,0.05008,1
fc_WEB03007.jpg,0.01747,1
fc_WEB03007.jpg,0.01424,1
fc_WEB03009.jpg,0.02207,1
fc_WEB03009.jpg,0.01389,1
fc_WEB03011.jpg,0.59542,0
fc_WEB03011.jpg,0.1779,0
fc_WEB03011.jpg,0.01364,0
fc_WEB03052.jpg,0.0122,1
fc_WEB03054.jpg,0.26309,1
fc_WEB03054.jpg,0.02691,1
fc_WEB03055.jpg,0.01392,1
fc_WEB03061.jpg,0.32632,1
fc_WEB03061.jpg,0.05417,1
fc_WEB03061.jpg,0.01614,1
fc_WEB03061.jpg,0.01371,1
fc_WEB03061.jpg,0.01018,1
fc_WEB03066.jpg,0.16436,0
fc_WEB03066.jpg,0.04066,1
fc_WEB03092.jpg,0.02253,1
fc_WEB03092.jpg,0.01976,1
fc_WEB03092.jpg,0.01445,1
fc_WEB03094.jpg,0.25958,1
fc_WEB03107.jpg,0.03871,1
fc_WEB03107.jpg,0.03553,1
fc_WEB03107.jpg,0.0282,1
fc_WEB03107.jpg,0.02345,1
fc_WEB03114.jpg,0.07759,1
fc_WEB03114.jpg,0.01858,1
fc_WEB03133.jpg,0.22473,0
fc_WEB03133.jpg,0.02472,0
fc_WEB03139.jpg,0.28929,0
fc_WEB03140.jpg,0.02619,0
fc_WEB03141.jpg,0.02547,0
fc_WEB03146.jpg,0.21897,0
fc_WEB03146.jpg,0.02796,0
fc_WEB03153.jpg,0.16093,0
fc_WEB03155.jpg,0.14876,0
fc_WEB03155.jpg,0.03119,0
fc_WEB03167.jpg,0.021,1
fc_WEB03167.jpg,0.01391,1
fc_WEB03185.jpg,0.04831,1
fc_WEB03185.jpg,0.03017,1
fc_WEB03185.jpg,0.01182,1
fc_WEB03201.jpg,0.03751,0
fc_WEB03208.jpg,0.03563,1
fc_WEB03210.jpg,0.04584,0
fc_WEB03210.jpg,0.02769,0
fc_WEB03221.jpg,0.0105,1
fc_WEB03228.jpg,0.0406,1
fc_WEB03228.jpg,0.01956,1
fc_WEB03228.jpg,0.01222,1
fc_WEB03248.jpg,0.01229,1
fc_WEB03296.jpg,0.07905,1
fc_WEB03296.jpg,0.03947,1
fc_WEB03296.jpg,0.02063,1
fc_WEB03296.jpg,0.01648,1
fc_WEB03296.jpg,0.01625,1
fc_WEB03296.jpg,0.0143,1
fc_WEB03302.jpg,0.04008,1
fc_WEB03322.jpg,0.07846,0
fc_WEB03333.jpg,0.02733,1
fc_WEB03333.jpg,0.01711,1
fc_WEB03348.jpg,0.01347,0
fc_WEB03349.jpg,0.04822,1
fc_WEB03392.jpg,0.28912,1
fc_WEB03398.jpg,0.02247,1
fc_WEB03398.jpg,0.01703,1
fc_WEB03401.jpg,0.01428,0
fc_WEB03408.jpg,0.01424,1
fc_WEB03415.jpg,0.01016,0
fc_WEB03435.jpg,0.01207,0
fc_WEB03481.jpg,0.15209,0
fc_WEB03481.jpg,0.02331,0
fc_WEB03481.jpg,0.02276,0
fc_WEB03481.jpg,0.01318,0
fc_WEB03482.jpg,0.01673,1
fc_WEB03486.jpg,0.05379,0
fc_WEB03512.jpg,0.01529,1
fc_WEB03535.jpg,0.02057,0
fc_WEB03537.jpg,0.4828,0
fc_WEB03537.jpg,0.30425,0
fc_WEB03537.jpg,0.27574,0
fc_WEB03537.jpg,0.15862,0
fc_WEB03537.jpg,0.08362,0
fc_WEB03537.jpg,0.01586,1
fc_WEB03537.jpg,0.01473,1
fc_WEB03540.jpg,0.22552,0
fc_WEB03540.jpg,0.01923,0
fc_WEB03554.jpg,0.02134,0
fc_WEB03571.jpg,0.02226,0
fc_WEB03571.jpg,0.01139,1
fc_WEB03587.jpg,0.01489,1
fc_WEB03589.jpg,0.09003,1
fc_WEB03591.jpg,0.0593,1
fc_WEB03591.jpg,0.01563,1
fc_WEB03606.jpg,0.08107,1
fc_WEB03618.jpg,0.19363,1
fc_WEB03618.jpg,0.02111,1
fc_WEB03618.jpg,0.01091,1
fc_WEB03644.jpg,0.1607,0
fc_WEB03644.jpg,0.05224,0
fc_WEB03644.jpg,0.01756,0
fc_WEB03644.jpg,0.01442,0
fc_WEB03644.jpg,0.01114,0
fc_WEB03645.jpg,0.01725,0
fc_WEB03647.jpg,0.54302,0
fc_WEB03647.jpg,0.06786,0
fc_WEB03647.jpg,0.02941,1
fc_WEB03647.jpg,0.01103,1
fc_WEB03647.jpg,0.01079,1
fc_WEB03649.jpg,0.01735,0
fc_WEB03675.jpg,0.09877,1
fc_WEB03678.jpg,0.01524,1
fc_WEB03678.jpg,0.01146,1
fc_WEB03679.jpg,0.0123,1
fc_WEB05491.jpg,0.02753,1
fc_WEB09452.jpg,0.03641,1
fc_WEB09452.jpg,0.02725,1
fc_WEB09452.jpg,0.01987,1
fc_WEB09453.jpg,0.17066,1
fc_WEB09453.jpg,0.02435,1
fc_WEB09453.jpg,0.01658,1
fc_WEB09462.jpg,0.01086,1
fc_WEB09462.jpg,0.01002,1
fc_WEB09503.jpg,0.32714,0
fc_WEB09507.jpg,0.39156,0
fc_WEB09507.jpg,0.05562,1
fc_WEB09507.jpg,0.03113,1
fc_WEB09510.jpg,0.02969,0
fc_WEB09520.jpg,0.03469,0
fc_WEB09543.jpg,0.02758,1
fc_WEB09543.jpg,0.01754,1
fc_WEB09548.jpg,0.11254,1
fc_WEB09548.jpg,0.04224,0
fc_WEB09548.jpg,0.01317,0
fc_WEB09548.jpg,0.0101,0
fc_WEB09556.jpg,0.03992,1
fc_WEB09556.jpg,0.01433,1
fc_WEB09562.jpg,0.01091,1
fc_WEB09570.jpg,0.07166,1
fc_WEB09570.jpg,0.0166,1
fc_WEB09574.jpg,0.10971,0
fc_WEB09577.jpg,0.05333,1
fc_WEB09585.jpg,0.01234,1
fc_WEB09586.jpg,0.01164,1
fc_WEB09590.jpg,0.02403,1
fc_WEB09590.jpg,0.01563,1
fc_WEB09595.jpg,0.06391,1
fc_WEB09595.jpg,0.05804,1
fc_WEB09595.jpg,0.03171,1
fc_WEB09609.jpg,0.15471,1
fc_WEB09619.jpg,0.44808,0
fc_WEB09619.jpg,0.09485,0
fc_WEB09740.jpg,0.02018,1
fc_WEB09746.jpg,0.01051,1
fc_WEB09771.jpg,0.02944,1
fc_WEB09773.jpg,0.02176,1
fc_WEB09773.jpg,0.01402,1
fc_WEB09785.jpg,0.08531,1
fc_WEB09788.jpg,0.02521,1
fc_WEB09803.jpg,0.38099,1
fc_WEB09803.jpg,0.22412,1
fc_WEB09837.jpg,0.01384,1
fc_WEB09852.jpg,0.01945,1
fc_WEB09852.jpg,0.012,1
fc_WEB09855.jpg,0.07581,1
fc_WEB09857.jpg,0.01412,0
fc_WEB09873.jpg,0.28769,0
fc_WEB09877.jpg,0.50619,0
fc_WEB09923.jpg,0.27656,0
fc_WEB09925.jpg,0.19727,0
fc_WEB09925.jpg,0.09981,0
fc_WEB09925.jpg,0.01808,0
fc_WEB09928.jpg,0.10223,1
fc_WEB09929.jpg,0.24299,1
fc_WEB09929.jpg,0.06478,0
fc_WEB09929.jpg,0.05898,1
fc_WEB09929.jpg,0.02827,1
fc_WEB09929.jpg,0.01728,1
fc_WEB09941.jpg,0.02113,1
fc_WEB09941.jpg,0.01592,1
fc_WEB09941.jpg,0.01274,1
fc_WEB09950.jpg,0.30994,0
fc_WEB09950.jpg,0.22841,0
fc_WEB09950.jpg,0.1173,0
fc_WEB09950.jpg,0.09788,0
fc_WEB09957.jpg,0.36248,1
fc_WEB09957.jpg,0.20047,1
fc_WEB09957.jpg,0.15719,1
fc_WEB09957.jpg,0.03385,1
fc_WEB09957.jpg,0.02309,1
fc_WEB09957.jpg,0.01307,1
fc_WEB09978.jpg,0.01173,0
fc_WEB09992.jpg,0.12687,0
fc_WEB09992.jpg,0.09484,1
fc_WEB09992.jpg,0.08564,1
fc_WEB09992.jpg,0.05717,1
fc_WEB09992.jpg,0.04691,1
fc_WEB09992.jpg,0.02336,1
fc_WEB09992.jpg,0.01884,1
fc_WEB09992.jpg,0.01098,1
fc_WEB10000.jpg,0.0564,1
fc_WEB10000.jpg,0.02149,0
fc_WEB10003.jpg,0.01094,1
fc_WEB10003.jpg,0.01089,1
fc_WEB10027.jpg,0.01017,0
fc_WEB10050.jpg,0.24974,0
fc_WEB10055.jpg,0.13482,1
fc_WEB10085.jpg,0.02132,1
fc_WEB10096.jpg,0.13287,1
fc_WEB10114.jpg,0.03344,0
fc_WEB10128.jpg,0.09072,0
fc_WEB10128.jpg,0.07694,0
fc_WEB10128.jpg,0.01477,0
fc_WEB10128.jpg,0.01378,0
fc_WEB10129.jpg,0.06247,0
fc_WEB10135.jpg,0.02175,0
fc_WEB10135.jpg,0.01994,0
fc_WEB10135.jpg,0.01442,0
fc_WEB10155.jpg,0.78965,0
fc_WEB10155.jpg,0.01801,0
fc_WEB10196.jpg,0.03656,1
fc_WEB10196.jpg,0.01165,1
fc_WEB10208.jpg,0.65546,0
fc_WEB10208.jpg,0.07366,0
fc_WEB10208.jpg,0.03269,1
fc_WEB10208.jpg,0.03237,1
fc_WEB10208.jpg,0.03159,0
fc_WEB10208.jpg,0.02711,1
fc_WEB10208.jpg,0.01435,0
fc_WEB10249.jpg,0.62443,1
fc_WEB10249.jpg,0.22742,1
fc_WEB10269.jpg,0.08938,0
fc_WEB10273.jpg,0.04721,1
fc_WEB10273.jpg,0.01002,1
fc_WEB10276.jpg,0.41944,0
fc_WEB10276.jpg,0.01853,0
fc_WEB10284.jpg,0.20769,0
fc_WEB10284.jpg,0.0879,0
fc_WEB10284.jpg,0.01781,0
fc_WEB10293.jpg,0.13242,0
fc_WEB10293.jpg,0.03577,0
fc_WEB10303.jpg,0.01382,1
fc_WEB10303.jpg,0.01264,1
fc_WEB10307.jpg,0.06564,0
fc_WEB10311.jpg,0.02955,1
fc_WEB10311.jpg,0.01014,1
fc_WEB10323.jpg,0.17834,0
fc_WEB10349.jpg,0.11603,1
fc_WEB10349.jpg,0.0156,1
fc_WEB10349.jpg,0.01264,1
fc_WEB10373.jpg,0.01397,0
fc_WEB10378.jpg,0.81385,1
fc_WEB10396.jpg,0.3171,1
fc_WEB10427.jpg,0.49187,1
fc_WEB10427.jpg,0.08689,1
fc_WEB10427.jpg,0.08293,1
fc_WEB10427.jpg,0.01504,1
