image,classes,n_boxes,box_coverage,peak_conf,grad_concentration,eigen_concentration,levels_with_gradient
test_642.jpg,0,1,0.001,0.578,575.734,2.458,16
test_585.jpg,0,1,0.002,0.463,573.288,1.523,16
test_325.jpg,0,1,0.001,0.716,542.42,0.976,16
test_794.jpg,0,1,0.001,0.422,516.714,2.768,16
test_354.jpg,0,1,0.001,0.759,463.529,1.924,16
test_578.jpg,0,1,0.0,0.676,425.591,2.368,16
test_837.jpg,0,1,0.002,0.781,416.337,1.282,16
test_613.jpg,0,2,0.0,1.21,415.661,1.801,16
test_448.jpg,0,1,0.002,0.624,414.236,2.307,16
test_549.jpg,0,1,0.002,0.756,363.436,1.324,16
test_1041.jpg,0,1,0.002,0.782,360.991,0.127,16
test_376.jpg,0,1,0.002,0.782,339.971,0.934,16
test_47.jpg,0,1,0.002,0.75,336.724,1.123,16
test_1092.jpg,0,1,0.003,0.4,284.745,0.413,16
test_679.jpg,0,1,0.002,0.822,279.349,1.143,16
test_1113.jpg,0,1,0.001,0.208,260.596,2.199,16
test_1135.jpg,0,1,0.002,0.858,255.646,0.273,16
test_916.jpg,0,1,0.001,0.668,254.02,2.727,16
test_880.jpg,0,1,0.003,0.922,251.609,0.884,16
test_930.jpg,0,1,0.002,0.785,225.349,1.913,16
test_620.jpg,0,1,0.003,0.899,217.395,3.932,16
test_866.jpg,0,1,0.003,0.858,187.261,1.979,16
test_1265.jpg,0,1,0.001,0.789,144.11,0.0,16
test_65.jpg,0,1,0.003,0.882,125.768,3.5,16
test_398.jpg,0,1,0.001,0.835,122.704,2.682,16
test_196.jpg,0,1,0.007,0.889,121.676,1.056,16|19
test_693.jpg,0,1,0.005,0.93,117.974,1.705,16
test_52.jpg,0,1,0.001,0.851,112.942,2.393,16
test_859.jpg,0,1,0.007,0.878,111.228,1.097,16|19
test_729.jpg,0,1,0.002,0.857,108.364,2.294,16
test_1164.jpg,0,1,0.0,0.828,99.363,1.928,16
test_873.jpg,1,1,0.008,0.756,93.523,0.704,16|19
test_750.jpg,0,1,0.001,0.708,91.346,3.485,16
test_404.jpg,0,1,0.01,0.899,83.255,1.192,16|19
test_297.jpg,0,1,0.009,0.425,80.248,1.267,16|19
test_16.jpg,0,1,0.008,0.905,80.185,0.575,16|19
test_332.jpg,1,1,0.009,0.852,71.02,0.593,16|19
test_6.jpg,0,1,0.011,0.912,66.791,1.94,16|19
test_967.jpg,0,1,0.009,0.856,61.214,0.527,16|19
test_1106.jpg,0,1,0.01,0.905,59.267,0.703,16|19
test_888.jpg,"0,1",2,0.01,0.047,55.944,2.293,16
test_923.jpg,0,1,0.013,0.885,54.192,0.53,16|19
test_671.jpg,1,1,0.015,0.863,52.715,1.915,16|19
test_1229.jpg,0,1,0.003,0.877,51.543,2.599,16
test_181.jpg,0,1,0.012,0.864,47.878,0.781,16|19
test_282.jpg,1,1,0.011,0.872,46.632,1.229,16|19
test_260.jpg,0,1,0.018,0.905,45.762,0.786,16|19
test_1005.jpg,"0,1",2,0.009,0.175,45.419,1.822,16
test_1056.jpg,0,1,0.016,0.878,42.582,0.358,16|19
test_772.jpg,1,3,0.019,2.319,42.088,1.439,16|19
test_1250.jpg,0,1,0.004,0.874,41.221,0.325,16
test_714.jpg,0,1,0.008,0.216,40.831,0.439,16|19
test_758.jpg,0,1,0.002,0.787,36.98,1.684,16
test_78.jpg,0,1,0.001,0.841,36.531,0.0,16
test_102.jpg,1,1,0.019,0.865,34.149,0.693,16|19
test_541.jpg,0,1,0.026,0.902,32.209,1.342,16|19
test_743.jpg,1,2,0.014,1.481,28.198,1.64,16|19
test_1236.jpg,0,1,0.024,0.479,28.08,1.586,16|19
test_484.jpg,"0,1",2,0.033,1.586,27.382,1.781,16|19
test_1221.jpg,1,1,0.012,0.888,23.512,2.481,16|19
test_138.jpg,0,1,0.001,0.805,23.361,0.009,16
test_310.jpg,0,1,0.025,0.922,21.185,5.404,16|19
test_499.jpg,1,1,0.021,0.872,20.86,2.373,16|19
test_253.jpg,1,3,0.027,2.324,18.345,1.539,16|19
test_628.jpg,1,1,0.025,0.808,17.648,2.675,16|19
test_491.jpg,0,1,0.006,0.902,16.88,0.966,16
test_901.jpg,0,1,0.004,0.874,16.013,0.536,16
test_275.jpg,"0,1",2,0.022,1.636,14.709,0.454,16|19
test_1078.jpg,0,1,0.036,0.927,14.631,4.598,16|19
test_952.jpg,0,1,0.052,0.89,14.118,1.963,16|19
test_570.jpg,1,1,0.005,0.862,13.422,0.993,16
test_419.jpg,"0,1",3,0.038,2.596,12.713,0.426,16|19
test_1128.jpg,0,1,0.002,0.861,11.669,1.636,16
test_1070.jpg,0,1,0.083,0.957,11.383,1.024,16|19
test_217.jpg,"0,1",2,0.043,1.124,10.998,2.494,16|19
test_505.jpg,"0,1",2,0.105,1.793,10.787,0.722,16|19
test_1214.jpg,"0,1",2,0.035,0.928,10.492,0.554,16
test_318.jpg,1,1,0.066,0.881,9.402,0.25,16|19|22
test_1272.jpg,0,1,0.028,0.889,8.636,0.446,16|19
test_361.jpg,1,3,0.04,1.891,8.542,1.262,16|19
test_1300.jpg,1,1,0.076,1.017,8.307,0.687,16|19|22
test_895.jpg,0,3,0.098,2.437,7.806,2.35,16|19
test_390.jpg,1,1,0.131,0.925,7.638,1.264,16|19|22
test_815.jpg,0,1,0.099,0.937,7.538,2.053,16|19|22
test_736.jpg,"0,1",2,0.027,1.495,7.517,1.165,16|19
test_1193.jpg,"0,1",2,0.074,1.779,7.365,2.26,16|19
test_808.jpg,1,1,0.069,0.863,7.245,0.752,16|19
test_1287.jpg,1,1,0.138,0.922,7.103,1.549,16|19|22
test_70.jpg,0,1,0.105,0.953,6.852,1.729,16|19|22
test_224.jpg,0,1,0.148,0.948,6.624,1.569,16|19|22
test_1085.jpg,1,1,0.141,0.912,5.985,1.144,16|19|22
test_1258.jpg,1,1,0.116,0.919,5.869,0.355,16|19|22
test_800.jpg,1,1,0.016,0.759,5.424,2.524,16|19
test_189.jpg,"0,1",2,0.186,1.849,5.387,1.532,16|19|22
test_945.jpg,1,1,0.14,0.927,5.33,1.749,16|19|22
test_707.jpg,1,1,0.182,0.929,4.901,2.865,16|19|22
test_851.jpg,1,2,0.028,1.683,4.861,2.203,16|19
test_268.jpg,0,1,0.004,0.711,4.857,3.127,16
test_1179.jpg,1,1,0.202,0.948,4.796,1.087,16|19|22
test_29.jpg,1,1,0.202,0.942,4.407,2.339,16|19|22
test_563.jpg,1,1,0.22,0.957,4.054,0.513,16|19|22
test_527.jpg,1,1,0.221,0.937,4.007,0.839,16|19|22
test_231.jpg,0,1,0.002,0.885,3.964,1.723,16
test_1207.jpg,"0,1",2,0.004,0.559,3.607,1.542,16
test_787.jpg,"0,1",2,0.258,1.847,3.599,3.208,16|19|22
test_556.jpg,0,1,0.01,0.841,3.533,1.812,16|19
test_938.jpg,"0,1",2,0.185,1.669,3.472,1.609,16|19|22
test_592.jpg,1,1,0.103,0.909,3.452,5.118,16|19|22
test_115.jpg,"0,1",2,0.068,0.445,3.358,1.567,16
test_1171.jpg,"0,1",2,0.313,1.718,3.299,0.714,16|19|22
test_974.jpg,"0,1",2,0.287,1.876,3.287,0.946,16|19|22
test_1120.jpg,1,1,0.025,0.742,3.275,1.423,16|19
test_411.jpg,"0,1",3,0.084,2.941,3.249,0.377,16|19|22
test_1063.jpg,1,3,0.046,2.645,3.223,1.446,16|19|22
test_534.jpg,1,1,0.005,0.817,2.875,1.756,16
test_765.jpg,"0,1",3,0.256,2.742,2.85,0.936,16|19|22
test_635.jpg,1,1,0.072,0.901,2.698,1.318,16|19|22
test_303.jpg,"0,1",2,0.341,0.97,2.582,0.836,16|19|22
test_145.jpg,"0,1",3,0.377,2.353,2.533,2.428,16|19|22
test_120.jpg,"0,1",2,0.107,1.685,2.503,0.83,16|19
test_1027.jpg,1,3,0.022,2.697,2.477,1.814,16|19
test_202.jpg,1,1,0.277,0.874,2.393,0.749,16|19|22
test_167.jpg,1,1,0.255,0.864,2.368,1.124,16|19|22
test_83.jpg,1,1,0.218,0.927,2.286,0.757,16|19|22
test_1.jpg,1,1,0.097,1.165,2.185,2.09,16|19|22
test_347.jpg,1,1,0.009,0.884,2.162,0.943,16|19
test_96.jpg,1,1,0.022,0.882,2.145,0.753,16|19
test_477.jpg,1,1,0.098,0.879,2.09,0.831,16|19|22
test_1294.jpg,1,1,0.313,0.956,2.036,0.993,16|19|22
test_369.jpg,1,1,0.083,1.162,2.001,4.288,16|19|22
test_909.jpg,1,1,0.015,0.807,1.814,1.579,16|19
test_426.jpg,1,1,0.026,0.771,1.716,3.983,16|19
test_686.jpg,1,1,0.005,0.759,1.696,1.982,16
test_606.jpg,0,1,0.02,0.693,1.632,1.682,16|19
test_128.jpg,1,1,0.038,0.026,1.585,0.683,16|19
test_1157.jpg,"0,1",2,0.236,2.422,1.553,1.774,16|19|22
test_383.jpg,1,1,0.083,0.221,1.481,1.915,16|19|22
test_455.jpg,"0,1",2,0.544,1.423,1.388,0.566,16|19|22
test_152.jpg,"0,1",2,0.021,1.533,1.306,2.441,16|19
test_822.jpg,"0,1",2,0.082,1.974,1.27,2.15,16|19
test_1012.jpg,"0,1",2,0.275,1.582,1.195,1.144,16|19|22
test_462.jpg,1,1,0.035,0.807,1.193,0.389,16|19
test_664.jpg,0,1,0.003,0.843,1.123,1.029,16
test_433.jpg,1,1,0.031,0.79,1.001,1.361,16|19
test_34.jpg,0,1,0.002,0.843,0.894,3.365,16
test_440.jpg,"0,1",2,0.269,0.0,0.893,0.885,16|19|22
test_174.jpg,"0,1",2,0.229,1.725,0.73,0.899,16|19|22
test_1243.jpg,1,1,0.028,0.86,0.671,1.685,16|19
test_239.jpg,1,1,0.05,0.559,0.505,0.582,16|19
test_11.jpg,1,1,0.005,0.84,0.386,0.999,16|19
test_512.jpg,1,1,0.072,0.701,0.114,1.04,16|19
