epoch,time,train/box_loss,train/cls_loss,train/dfl_loss,train/dis_loss,metrics/precision(B),metrics/recall(B),metrics/mAP50(B),metrics/mAP50-95(B),val/box_loss,val/cls_loss,val/dfl_loss,val/dis_loss,lr/pg0,lr/pg1,lr/pg2
1,71.0743,1.80117,3.41624,0.01205,18.8657,0.08539,0.45627,0.21156,0.10878,1.89781,3.55876,0.02125,0,0.000330601,0.000330601,0.0672705
2,135.909,1.68199,2.24901,0.0113,10.9683,0.51184,0.41624,0.4071,0.20119,1.78077,2.13351,0.01834,0,0.000663916,0.000663916,0.0342705
3,212.297,1.64988,1.99798,0.01125,8.32427,0.43035,0.43391,0.39822,0.20429,1.6178,2.11268,0.01691,0,0.000997159,0.000997159,0.00127038
4,295.92,1.60585,1.89534,0.01069,7.29356,0.49646,0.4776,0.48213,0.25347,1.54829,2.00571,0.01552,0,0.000999756,0.000999756,0.000999756
5,374.437,1.57561,1.77962,0.0106,6.44849,0.53557,0.51021,0.52102,0.28233,1.57791,1.65457,0.01589,0,0.000999566,0.000999566,0.000999566
6,427.366,1.57063,1.70249,0.01025,6.04196,0.66251,0.59091,0.63698,0.36954,1.43782,1.42171,0.01406,0,0.000999322,0.000999322,0.000999322
7,487.26,1.53754,1.62536,0.01016,5.70249,0.62019,0.58312,0.60598,0.34943,1.43737,1.47331,0.01397,0,0.000999023,0.000999023,0.000999023
8,549.297,1.51442,1.5335,0.01005,5.47915,0.64168,0.59536,0.6386,0.37698,1.41431,1.42222,0.01361,0,0.000998671,0.000998671,0.000998671
9,612.54,1.53071,1.4859,0.00996,5.13218,0.66305,0.666,0.70938,0.42016,1.41181,1.22911,0.01369,0,0.000998264,0.000998264,0.000998264
10,683.72,1.50199,1.4612,0.00976,4.96488,0.70719,0.6399,0.71215,0.41391,1.40026,1.25345,0.0136,0,0.000997803,0.000997803,0.000997803
11,764.806,1.4928,1.40331,0.00966,4.84031,0.71094,0.6646,0.71818,0.40366,1.47495,1.22421,0.01408,0,0.000997288,0.000997288,0.000997288
12,841.658,1.50196,1.40745,0.00979,4.74571,0.7297,0.68935,0.74653,0.44221,1.39406,1.16004,0.01345,0,0.00099672,0.00099672,0.00099672
13,914.234,1.46442,1.34526,0.00942,4.51116,0.74031,0.68464,0.75707,0.44467,1.38522,1.12059,0.01316,0,0.000996097,0.000996097,0.000996097
14,981.35,1.46271,1.3259,0.00933,4.42875,0.737,0.72431,0.77511,0.45289,1.41034,1.07164,0.01342,0,0.00099542,0.00099542,0.00099542
15,1053.19,1.4747,1.31604,0.00942,4.50361,0.7199,0.70243,0.74545,0.44677,1.38086,1.16228,0.01318,0,0.00099469,0.00099469,0.00099469
16,1127.43,1.47327,1.26727,0.00951,4.39057,0.74517,0.69979,0.77155,0.46673,1.37383,1.0917,0.01311,0,0.000993906,0.000993906,0.000993906
17,1200.13,1.43456,1.23149,0.00929,4.29785,0.76955,0.69862,0.78023,0.466,1.36423,1.0601,0.01314,0,0.000993068,0.000993068,0.000993068
18,1278.84,1.43108,1.19928,0.00938,4.16896,0.80478,0.70286,0.78897,0.47953,1.36375,1.02013,0.0132,0,0.000992177,0.000992177,0.000992177
19,1355.84,1.45362,1.19926,0.00943,4.08019,0.79305,0.72806,0.8085,0.48726,1.37243,1.01123,0.01333,0,0.000991232,0.000991232,0.000991232
20,1429.67,1.4161,1.15724,0.00894,3.97718,0.71342,0.63702,0.70636,0.43369,1.38803,1.17989,0.01387,0,0.000990234,0.000990234,0.000990234
21,1493.03,1.42433,1.15801,0.00902,3.90524,0.83677,0.75168,0.84016,0.51815,1.34336,0.88078,0.01272,0,0.000989183,0.000989183,0.000989183
22,1564.75,1.41316,1.13768,0.00894,3.73243,0.76347,0.70278,0.78388,0.48433,1.32328,0.98053,0.01233,0,0.000988079,0.000988079,0.000988079
23,1639.58,1.41139,1.13405,0.00891,3.82455,0.78593,0.7237,0.7954,0.49353,1.3405,0.9614,0.01291,0,0.000986922,0.000986922,0.000986922
24,1718.21,1.41105,1.1367,0.00889,3.74235,0.80116,0.72481,0.80964,0.50002,1.33893,0.96573,0.01271,0,0.000985711,0.000985711,0.000985711
25,1794.11,1.40408,1.1147,0.00875,3.67269,0.80461,0.75255,0.8321,0.52243,1.29632,0.91301,0.01221,0,0.000984449,0.000984449,0.000984449
26,1866.81,1.38574,1.06599,0.00872,3.61683,0.81824,0.7869,0.85126,0.53643,1.30462,0.84321,0.0124,0,0.000983133,0.000983133,0.000983133
27,1924.98,1.37596,1.03415,0.0087,3.5715,0.82348,0.74295,0.82646,0.51394,1.3224,0.88164,0.01234,0,0.000981765,0.000981765,0.000981765
28,1980.71,1.38074,1.07472,0.00877,3.50675,0.80983,0.7714,0.83747,0.52285,1.319,0.87495,0.0123,0,0.000980345,0.000980345,0.000980345
29,2035,1.38243,1.05561,0.00867,3.52754,0.8267,0.77529,0.83771,0.52135,1.31112,0.8602,0.01209,0,0.000978873,0.000978873,0.000978873
30,2097.18,1.37602,1.03006,0.00848,3.46307,0.82619,0.76411,0.83347,0.52324,1.29212,0.89322,0.01217,0,0.000977349,0.000977349,0.000977349
31,2171.38,1.36612,1.02138,0.00857,3.4495,0.82271,0.79756,0.85627,0.53426,1.30256,0.81665,0.01217,0,0.000975773,0.000975773,0.000975773
32,2246.21,1.36082,1.00813,0.00843,3.31196,0.82592,0.77681,0.85278,0.54202,1.29228,0.80758,0.01203,0,0.000974145,0.000974145,0.000974145
33,2327.12,1.36702,1.00778,0.00858,3.4045,0.83972,0.78123,0.86685,0.53631,1.28553,0.94648,0.01183,0,0.000972466,0.000972466,0.000972466
34,2400.91,1.36794,1.00709,0.00859,3.3406,0.828,0.77365,0.84214,0.52368,1.29194,0.88203,0.01222,0,0.000970736,0.000970736,0.000970736
35,2470.58,1.34431,0.97999,0.00848,3.34135,0.8549,0.77583,0.86546,0.53903,1.26732,0.85936,0.01175,0,0.000968955,0.000968955,0.000968955
36,2532.95,1.35019,0.99546,0.00856,3.25867,0.81714,0.77595,0.84952,0.54022,1.28335,0.81925,0.01206,0,0.000967122,0.000967122,0.000967122
37,2602.37,1.34582,0.97047,0.00848,3.1685,0.82246,0.79074,0.85498,0.55308,1.25106,0.80301,0.01153,0,0.000965239,0.000965239,0.000965239
38,2681.44,1.34813,0.95004,0.0084,3.21293,0.84774,0.79172,0.8657,0.5498,1.28292,0.78263,0.01209,0,0.000963306,0.000963306,0.000963306
39,2755.87,1.31499,0.94714,0.00813,3.08549,0.84059,0.81573,0.87487,0.56079,1.28217,0.76303,0.01165,0,0.000961322,0.000961322,0.000961322
40,2833.07,1.33807,0.95041,0.00821,3.1134,0.84893,0.79287,0.87133,0.56015,1.25422,0.79165,0.01129,0,0.000959289,0.000959289,0.000959289
41,2909.75,1.3135,0.90743,0.00837,3.11024,0.8318,0.80308,0.87098,0.5599,1.26198,0.76141,0.01189,0,0.000957205,0.000957205,0.000957205
42,2980.06,1.32772,0.92724,0.00811,3.09277,0.8534,0.80166,0.87267,0.56042,1.26836,0.72734,0.01186,0,0.000955072,0.000955072,0.000955072
43,3048.16,1.31289,0.89668,0.00795,3.03615,0.87064,0.79579,0.88143,0.56713,1.24617,0.73103,0.01149,0,0.000952889,0.000952889,0.000952889
44,3112.34,1.32903,0.90505,0.008,2.9941,0.87216,0.81829,0.88559,0.57178,1.25366,0.71345,0.01164,0,0.000950658,0.000950658,0.000950658
45,3189.31,1.31079,0.90073,0.00784,2.93403,0.86472,0.81929,0.87829,0.56735,1.25531,0.72356,0.01175,0,0.000948377,0.000948377,0.000948377
46,3265.35,1.30621,0.89642,0.00812,2.97849,0.85143,0.82146,0.882,0.5623,1.25353,0.73065,0.01176,0,0.000946048,0.000946048,0.000946048
47,3339.91,1.32254,0.88914,0.00817,3.00463,0.85698,0.82901,0.88923,0.57343,1.23436,0.70951,0.0113,0,0.000943671,0.000943671,0.000943671
48,3418.6,1.30294,0.86668,0.00791,2.84948,0.86284,0.82202,0.88716,0.57499,1.24901,0.6841,0.01135,0,0.000941245,0.000941245,0.000941245
49,3494.44,1.30103,0.87453,0.00819,2.90975,0.87345,0.81335,0.88642,0.57605,1.24287,0.7047,0.0113,0,0.000938772,0.000938772,0.000938772
50,3563.21,1.29421,0.88198,0.00801,2.88985,0.86228,0.83018,0.89091,0.58545,1.22362,0.70606,0.01129,0,0.000936251,0.000936251,0.000936251
51,3628.56,1.28402,0.83468,0.00791,2.77783,0.86206,0.84506,0.89995,0.58508,1.22907,0.679,0.0113,0,0.000933683,0.000933683,0.000933683
52,3694.98,1.29072,0.83958,0.0079,2.7873,0.87121,0.82557,0.89702,0.57896,1.22309,0.69267,0.01129,0,0.000931067,0.000931067,0.000931067
53,3775.33,1.30307,0.86137,0.00791,2.83266,0.86875,0.8149,0.88633,0.57585,1.23929,0.70917,0.01123,0,0.000928405,0.000928405,0.000928405
54,3849.84,1.29063,0.85844,0.00782,2.76886,0.87413,0.80658,0.88936,0.57138,1.23772,0.73906,0.01136,0,0.000925697,0.000925697,0.000925697
55,3924.46,1.28819,0.83472,0.00788,2.78404,0.86428,0.81789,0.88507,0.57185,1.24456,0.69034,0.01166,0,0.000922942,0.000922942,0.000922942
56,4003.13,1.27786,0.8317,0.00778,2.69943,0.86668,0.84761,0.89565,0.58338,1.24267,0.64306,0.0115,0,0.000920142,0.000920142,0.000920142
57,4075.92,1.26962,0.80531,0.0076,2.7493,0.85294,0.84107,0.89354,0.58578,1.20999,0.67362,0.01105,0,0.000917296,0.000917296,0.000917296
58,4143.17,1.27388,0.83319,0.00791,2.77286,0.87024,0.83882,0.90102,0.5885,1.22455,0.67826,0.01114,0,0.000914405,0.000914405,0.000914405
59,4206.61,1.27611,0.82842,0.00782,2.73171,0.86751,0.85013,0.89667,0.58438,1.20979,0.6806,0.01109,0,0.000911469,0.000911469,0.000911469
60,4280.49,1.27449,0.84096,0.00768,2.72633,0.85872,0.84402,0.8975,0.58302,1.2016,0.71972,0.01103,0,0.000908488,0.000908488,0.000908488
61,4359.43,1.25531,0.81857,0.00769,2.68881,0.86869,0.84447,0.89738,0.58176,1.22512,0.65049,0.01125,0,0.000905463,0.000905463,0.000905463
62,4434.3,1.25871,0.8199,0.00773,2.63654,0.86817,0.84169,0.89821,0.59184,1.19709,0.6558,0.01114,0,0.000902395,0.000902395,0.000902395
63,4508.61,1.2589,0.79496,0.00751,2.62948,0.87857,0.82847,0.90176,0.59289,1.20795,0.63132,0.01123,0,0.000899282,0.000899282,0.000899282
64,4583.3,1.26199,0.79692,0.00767,2.61886,0.88799,0.84072,0.90773,0.59214,1.19857,0.65367,0.01099,0,0.000896127,0.000896127,0.000896127
65,4652.82,1.267,0.78608,0.00748,2.62061,0.8782,0.84971,0.90753,0.59639,1.19572,0.63869,0.01103,0,0.000892928,0.000892928,0.000892928
66,4717.78,1.26297,0.77987,0.00771,2.58904,0.88969,0.82678,0.90452,0.58759,1.21765,0.65777,0.01116,0,0.000889687,0.000889687,0.000889687
67,4785.33,1.2719,0.78222,0.00762,2.57916,0.88806,0.83121,0.90896,0.59518,1.21114,0.63926,0.01094,0,0.000886404,0.000886404,0.000886404
68,4867.03,1.24821,0.78644,0.00758,2.58322,0.90045,0.85385,0.92161,0.60278,1.19853,0.60602,0.01095,0,0.000883079,0.000883079,0.000883079
69,4944.56,1.261,0.77932,0.00745,2.53521,0.87844,0.86303,0.91955,0.60464,1.17786,0.60085,0.01078,0,0.000879713,0.000879713,0.000879713
70,5019.36,1.25589,0.77282,0.00735,2.53073,0.87491,0.87116,0.92088,0.60592,1.19157,0.60382,0.01089,0,0.000876305,0.000876305,0.000876305
71,5092.24,1.24326,0.78808,0.0075,2.48523,0.8909,0.86062,0.9211,0.59931,1.21355,0.61424,0.01126,0,0.000872857,0.000872857,0.000872857
72,5164.84,1.24304,0.76676,0.00755,2.55848,0.89896,0.85695,0.92175,0.60352,1.19208,0.62817,0.01086,0,0.000869368,0.000869368,0.000869368
73,5228.59,1.22351,0.74213,0.00745,2.41515,0.89914,0.85746,0.91495,0.60755,1.17163,0.60574,0.01066,0,0.000865839,0.000865839,0.000865839
74,5292.58,1.24714,0.77036,0.00743,2.48298,0.8857,0.84827,0.91595,0.60628,1.17584,0.62724,0.01072,0,0.000862271,0.000862271,0.000862271
75,5370.37,1.24657,0.75275,0.00743,2.48669,0.89522,0.84849,0.91862,0.60444,1.19124,0.5964,0.01086,0,0.000858664,0.000858664,0.000858664
76,5452.32,1.26115,0.77345,0.00774,2.50696,0.88451,0.85197,0.91254,0.60158,1.18286,0.61701,0.01081,0,0.000855018,0.000855018,0.000855018
77,5528.51,1.21836,0.74359,0.00731,2.42396,0.88145,0.86351,0.91732,0.60162,1.18806,0.61038,0.01088,0,0.000851333,0.000851333,0.000851333
78,5597.46,1.23707,0.75475,0.00755,2.44364,0.90084,0.8649,0.92211,0.61107,1.1726,0.57885,0.01068,0,0.000847611,0.000847611,0.000847611
79,5668.24,1.24565,0.76004,0.00744,2.40846,0.90498,0.84542,0.91342,0.60514,1.19331,0.60407,0.01086,0,0.000843851,0.000843851,0.000843851
80,5736.48,1.23656,0.76242,0.00745,2.41425,0.90616,0.86814,0.92119,0.60914,1.17759,0.61241,0.01064,0,0.000840054,0.000840054,0.000840054
81,5798.92,1.22702,0.74077,0.00741,2.38215,0.89621,0.85526,0.92141,0.61449,1.16711,0.57778,0.01044,0,0.00083622,0.00083622,0.00083622
82,5873.22,1.22375,0.72716,0.00719,2.31362,0.8907,0.88104,0.92566,0.61105,1.17988,0.57562,0.01075,0,0.000832349,0.000832349,0.000832349
83,5956.11,1.21172,0.7164,0.00727,2.34547,0.91782,0.86815,0.9252,0.62161,1.17194,0.57353,0.01065,0,0.000828443,0.000828443,0.000828443
84,6034.12,1.23715,0.7467,0.0073,2.42631,0.9074,0.85155,0.92096,0.60821,1.1798,0.61266,0.0107,0,0.000824502,0.000824502,0.000824502
85,6105.39,1.22594,0.74841,0.00739,2.35913,0.88912,0.87733,0.91245,0.61055,1.17011,0.60184,0.0105,0,0.000820525,0.000820525,0.000820525
86,6168.76,1.22352,0.70784,0.00711,2.32606,0.89988,0.87572,0.92369,0.61076,1.17144,0.59173,0.01058,0,0.000816514,0.000816514,0.000816514
87,6238.85,1.21967,0.69812,0.00721,2.33266,0.90591,0.86079,0.92303,0.61781,1.15777,0.57444,0.01057,0,0.000812468,0.000812468,0.000812468
88,6305.95,1.23481,0.71183,0.00729,2.35258,0.89051,0.87444,0.92532,0.61062,1.1666,0.57332,0.0107,0,0.000808389,0.000808389,0.000808389
89,6377.89,1.22973,0.72358,0.00718,2.32071,0.89748,0.87706,0.92445,0.62128,1.15417,0.54849,0.01041,0,0.000804277,0.000804277,0.000804277
90,6458.04,1.21818,0.72211,0.00739,2.33671,0.89986,0.87227,0.92756,0.61653,1.16538,0.55673,0.01055,0,0.000800131,0.000800131,0.000800131
91,6537.69,1.21284,0.70913,0.0072,2.27927,0.9146,0.85794,0.92504,0.62102,1.15376,0.56222,0.01053,0,0.000795954,0.000795954,0.000795954
92,6608.27,1.20727,0.69122,0.00735,2.28062,0.92548,0.86737,0.93232,0.62564,1.15669,0.55331,0.01041,0,0.000791744,0.000791744,0.000791744
93,6672.29,1.20049,0.70826,0.00705,2.23019,0.90282,0.86571,0.92583,0.62209,1.16729,0.56543,0.01048,0,0.000787503,0.000787503,0.000787503
94,6738.61,1.21643,0.70666,0.00708,2.20872,0.91228,0.87344,0.92939,0.6247,1.15834,0.56069,0.01042,0,0.000783231,0.000783231,0.000783231
95,6812.12,1.19939,0.70432,0.00699,2.22707,0.90972,0.8588,0.92465,0.6232,1.15851,0.55391,0.01049,0,0.000778929,0.000778929,0.000778929
96,6885.11,1.18734,0.67294,0.007,2.22023,0.89593,0.88973,0.92579,0.62229,1.16502,0.52954,0.01046,0,0.000774596,0.000774596,0.000774596
97,6958.54,1.20175,0.68186,0.00706,2.17565,0.91123,0.88083,0.93015,0.62174,1.16308,0.55193,0.01043,0,0.000770234,0.000770234,0.000770234
98,7035.89,1.199,0.69794,0.00701,2.15454,0.91003,0.86645,0.92868,0.62116,1.14825,0.55755,0.01044,0,0.000765843,0.000765843,0.000765843
99,7104.97,1.18795,0.67509,0.00709,2.18983,0.90914,0.8699,0.923,0.61664,1.15744,0.55976,0.01051,0,0.000761423,0.000761423,0.000761423
100,7167.2,1.20116,0.68542,0.00702,2.1672,0.9277,0.84574,0.92695,0.61894,1.15142,0.56318,0.01035,0,0.000756976,0.000756976,0.000756976
101,7235.44,1.19663,0.69301,0.00699,2.23695,0.91653,0.87409,0.93241,0.625,1.14176,0.5342,0.01029,0,0.0007525,0.0007525,0.0007525
102,7315.27,1.18956,0.68477,0.0071,2.15855,0.91803,0.87219,0.92183,0.62095,1.15454,0.548,0.01035,0,0.000747997,0.000747997,0.000747997
103,7391.29,1.19257,0.67766,0.00713,2.15825,0.92112,0.87408,0.92877,0.62781,1.14454,0.53237,0.01039,0,0.000743468,0.000743468,0.000743468
104,7461.46,1.19223,0.65916,0.00696,2.12338,0.91587,0.88128,0.9312,0.62836,1.14033,0.53141,0.01032,0,0.000738913,0.000738913,0.000738913
105,7532.4,1.1852,0.66215,0.00705,2.11784,0.90072,0.88725,0.93105,0.62884,1.14456,0.52877,0.01039,0,0.000734332,0.000734332,0.000734332
106,7603.21,1.19325,0.67736,0.00701,2.10608,0.91572,0.87797,0.93226,0.62562,1.13855,0.54238,0.01019,0,0.000729725,0.000729725,0.000729725
107,7669.8,1.17471,0.6528,0.00698,2.0895,0.9226,0.86421,0.92908,0.62523,1.144,0.54016,0.01035,0,0.000725094,0.000725094,0.000725094
108,7737.3,1.19299,0.66035,0.00696,2.12552,0.90291,0.88108,0.93312,0.6287,1.13771,0.5365,0.01027,0,0.000720439,0.000720439,0.000720439
109,7813.64,1.17893,0.66619,0.00685,2.11042,0.9242,0.8746,0.93781,0.63135,1.14447,0.52901,0.01034,0,0.000715761,0.000715761,0.000715761
110,7889.86,1.17256,0.65226,0.00687,2.06421,0.90853,0.88967,0.93651,0.62847,1.15252,0.52717,0.01037,0,0.000711059,0.000711059,0.000711059
111,7958.87,1.18777,0.6605,0.00699,2.07885,0.89873,0.88944,0.93136,0.63211,1.13524,0.53599,0.01022,0,0.000706335,0.000706335,0.000706335
112,8025.74,1.18444,0.6561,0.00688,2.09302,0.9142,0.88825,0.93906,0.62802,1.15592,0.52389,0.01036,0,0.000701588,0.000701588,0.000701588
113,8099.44,1.18052,0.66404,0.00694,2.06196,0.92248,0.87028,0.93352,0.63409,1.13828,0.54106,0.01009,0,0.00069682,0.00069682,0.00069682
114,8168.76,1.17186,0.63048,0.00687,2.05403,0.93709,0.8798,0.9398,0.64163,1.12391,0.49949,0.01012,0,0.000692031,0.000692031,0.000692031
115,8235.92,1.17237,0.62702,0.00677,1.99001,0.91726,0.87841,0.93813,0.63687,1.13793,0.51445,0.01023,0,0.000687222,0.000687222,0.000687222
116,8308.59,1.1666,0.66013,0.00693,2.05858,0.91968,0.88422,0.9393,0.6383,1.125,0.50658,0.01008,0,0.000682392,0.000682392,0.000682392
117,8385.62,1.18197,0.65939,0.00698,2.02569,0.90109,0.89937,0.9376,0.63634,1.13255,0.50942,0.01022,0,0.000677543,0.000677543,0.000677543
118,8459.19,1.16973,0.63747,0.0068,1.99769,0.92249,0.88083,0.9332,0.63902,1.12954,0.51532,0.01017,0,0.000672675,0.000672675,0.000672675
119,8526.72,1.17549,0.65158,0.00678,2.06382,0.91827,0.89526,0.93564,0.63571,1.13042,0.51728,0.01019,0,0.000667789,0.000667789,0.000667789
120,8594.82,1.16052,0.6491,0.00682,2.00517,0.89746,0.90414,0.93591,0.63631,1.12783,0.52601,0.01018,0,0.000662885,0.000662885,0.000662885
121,8667.77,1.17124,0.64892,0.00679,2.0164,0.91814,0.882,0.9342,0.63689,1.13264,0.53663,0.01022,0,0.000657963,0.000657963,0.000657963
122,8735.82,1.16512,0.63599,0.00679,1.97318,0.91397,0.89471,0.93011,0.63576,1.14609,0.51108,0.01043,0,0.000653025,0.000653025,0.000653025
123,8807.1,1.15535,0.61725,0.00675,1.95612,0.9192,0.88414,0.9321,0.63519,1.12927,0.5162,0.01018,0,0.000648071,0.000648071,0.000648071
124,8883.46,1.15539,0.63196,0.00675,1.96704,0.91664,0.88981,0.93477,0.64025,1.12609,0.511,0.01012,0,0.000643101,0.000643101,0.000643101
125,8958.34,1.15009,0.6365,0.00679,1.97301,0.91325,0.89234,0.93147,0.63538,1.13406,0.51759,0.0102,0,0.000638115,0.000638115,0.000638115
126,9024.76,1.14919,0.62698,0.00684,1.95346,0.89824,0.90035,0.93313,0.63832,1.13035,0.51787,0.01018,0,0.000633115,0.000633115,0.000633115
127,9089.33,1.15209,0.63028,0.00669,1.9719,0.91795,0.88293,0.93288,0.63673,1.13576,0.52673,0.0102,0,0.000628101,0.000628101,0.000628101
128,9161.8,1.14984,0.62376,0.00678,1.93503,0.92056,0.88877,0.93266,0.63841,1.12134,0.52043,0.01005,0,0.000623074,0.000623074,0.000623074
129,9235.78,1.16089,0.63642,0.00671,1.98732,0.91215,0.8894,0.9305,0.63638,1.1224,0.51719,0.01002,0,0.000618034,0.000618034,0.000618034
130,9305.16,1.14233,0.60879,0.00669,1.93311,0.91905,0.8883,0.93113,0.63314,1.13136,0.51719,0.01019,0,0.000612981,0.000612981,0.000612981
131,9378.95,1.14695,0.61884,0.00666,1.91665,0.92143,0.88119,0.93422,0.63704,1.13495,0.50397,0.01024,0,0.000607916,0.000607916,0.000607916
132,9450.46,1.15042,0.62433,0.00666,1.93545,0.92297,0.89427,0.93615,0.64113,1.13345,0.49965,0.01016,0,0.00060284,0.00060284,0.00060284
133,9516.29,1.13756,0.6195,0.00671,1.89724,0.93135,0.87607,0.93666,0.64174,1.12097,0.50493,0.01005,0,0.000597754,0.000597754,0.000597754
134,9582.3,1.13505,0.61348,0.00657,1.88546,0.90308,0.89795,0.93767,0.63896,1.12323,0.5105,0.01007,0,0.000592657,0.000592657,0.000592657
135,9655.86,1.14886,0.6234,0.00653,1.87751,0.91919,0.89152,0.9392,0.63892,1.12361,0.49624,0.01011,0,0.000587551,0.000587551,0.000587551
136,9732.15,1.13663,0.61173,0.00658,1.86784,0.91833,0.89393,0.94024,0.63783,1.13107,0.50384,0.01017,0,0.000582435,0.000582435,0.000582435
137,9802.85,1.14077,0.60895,0.00657,1.87547,0.91995,0.897,0.93609,0.63781,1.12757,0.51204,0.01013,0,0.000577311,0.000577311,0.000577311
138,9871.19,1.1385,0.60173,0.00651,1.88474,0.92385,0.88974,0.93284,0.63649,1.12968,0.50631,0.01019,0,0.000572179,0.000572179,0.000572179
139,9945.29,1.12731,0.60043,0.00647,1.84994,0.93419,0.88325,0.93753,0.63921,1.12779,0.49976,0.01018,0,0.00056704,0.00056704,0.00056704
140,10015.2,1.13532,0.61363,0.00647,1.83167,0.93533,0.88363,0.9359,0.63991,1.12224,0.49608,0.0101,0,0.000561894,0.000561894,0.000561894
141,10077.2,1.1394,0.61518,0.00652,1.85308,0.92276,0.88746,0.9359,0.64116,1.12306,0.50438,0.01004,0,0.000556742,0.000556742,0.000556742
142,10149.9,1.12978,0.60066,0.00656,1.81839,0.9326,0.8838,0.93339,0.64191,1.1242,0.51378,0.01012,0,0.000551584,0.000551584,0.000551584
143,10229.5,1.13729,0.61827,0.00655,1.8406,0.92178,0.89628,0.93471,0.64383,1.12627,0.50418,0.01013,0,0.000546421,0.000546421,0.000546421
144,10304.1,1.1293,0.60593,0.00677,1.83957,0.93233,0.89467,0.93999,0.64477,1.11696,0.50989,0.01003,0,0.000541253,0.000541253,0.000541253
145,10371.8,1.11341,0.58507,0.00637,1.77871,0.92863,0.90314,0.93723,0.64378,1.12131,0.5032,0.01008,0,0.000536081,0.000536081,0.000536081
146,10441,1.13737,0.59179,0.00648,1.79106,0.93418,0.88566,0.93778,0.64327,1.12372,0.49295,0.01003,0,0.000530906,0.000530906,0.000530906
147,10509.8,1.12374,0.5896,0.00668,1.81067,0.92175,0.89195,0.93684,0.6411,1.12598,0.49878,0.01008,0,0.000525728,0.000525728,0.000525728
148,10576.6,1.1272,0.59958,0.00656,1.81782,0.92211,0.89786,0.93731,0.63997,1.12654,0.5022,0.0101,0,0.000520548,0.000520548,0.000520548
149,10648,1.12396,0.59652,0.00654,1.80224,0.92709,0.88712,0.93798,0.63981,1.12219,0.49196,0.01003,0,0.000515366,0.000515366,0.000515366
150,10728.1,1.12205,0.57706,0.00645,1.78442,0.93028,0.87672,0.93383,0.64158,1.12039,0.50362,0.00999,0,0.000510184,0.000510184,0.000510184
151,10803.5,1.118,0.60417,0.00649,1.80796,0.90383,0.89997,0.93333,0.63986,1.11465,0.50654,0.01001,0,0.000505,0.000505,0.000505
152,10871.6,1.12429,0.58687,0.00651,1.77519,0.92122,0.89283,0.9398,0.64375,1.11631,0.49276,0.00994,0,0.000499816,0.000499816,0.000499816
153,10933.2,1.11553,0.57907,0.00649,1.75819,0.92125,0.90009,0.93906,0.64746,1.11483,0.49302,0.00998,0,0.000494634,0.000494634,0.000494634
154,11007,1.11399,0.58509,0.00634,1.75589,0.92625,0.89589,0.93888,0.64809,1.10952,0.49806,0.00992,0,0.000489452,0.000489452,0.000489452
155,11076.9,1.12905,0.60052,0.00638,1.7908,0.92314,0.90142,0.93869,0.6489,1.11169,0.48731,0.00998,0,0.000484272,0.000484272,0.000484272
156,11148.8,1.11195,0.59379,0.00641,1.75753,0.93756,0.88102,0.9365,0.6458,1.11509,0.48772,0.01007,0,0.000479094,0.000479094,0.000479094
157,11225.1,1.12247,0.5659,0.00641,1.68878,0.92068,0.89332,0.9362,0.64516,1.12177,0.49228,0.01006,0,0.000473919,0.000473919,0.000473919
158,11299.7,1.11612,0.58301,0.00629,1.72777,0.92709,0.8913,0.935,0.6419,1.12077,0.49636,0.01005,0,0.000468747,0.000468747,0.000468747
159,11363.6,1.11606,0.58591,0.00635,1.7444,0.92473,0.8926,0.93712,0.64443,1.11956,0.49733,0.01007,0,0.000463579,0.000463579,0.000463579
160,11428.4,1.11833,0.57585,0.00655,1.72804,0.93453,0.8783,0.9366,0.64603,1.12062,0.49088,0.01013,0,0.000458416,0.000458416,0.000458416
161,11502.9,1.11211,0.59125,0.00645,1.73583,0.92488,0.88009,0.93375,0.64335,1.12117,0.50353,0.01009,0,0.000453258,0.000453258,0.000453258
162,11577.9,1.11128,0.57091,0.00631,1.69027,0.9401,0.88517,0.93552,0.64505,1.11691,0.50328,0.00998,0,0.000448106,0.000448106,0.000448106
163,11648.1,1.10878,0.57326,0.00635,1.69507,0.94655,0.88913,0.93811,0.64894,1.11269,0.49529,0.00996,0,0.00044296,0.00044296,0.00044296
164,11720,1.10505,0.56897,0.00641,1.66269,0.93841,0.88617,0.93709,0.64763,1.1099,0.49679,0.00994,0,0.000437821,0.000437821,0.000437821
165,11792,1.1111,0.57429,0.00646,1.68316,0.9455,0.88738,0.93727,0.64792,1.11626,0.48555,0.01003,0,0.000432689,0.000432689,0.000432689
166,11860.6,1.11521,0.57026,0.00646,1.70133,0.94606,0.87976,0.93845,0.64593,1.11349,0.50281,0.01001,0,0.000427565,0.000427565,0.000427565
167,11926.9,1.09824,0.56582,0.00631,1.66408,0.93462,0.89457,0.938,0.64581,1.11571,0.48907,0.01004,0,0.000422449,0.000422449,0.000422449
168,11997.7,1.09991,0.56291,0.00625,1.65136,0.93583,0.89144,0.93779,0.6473,1.11344,0.48726,0.01005,0,0.000417343,0.000417343,0.000417343
169,12073.5,1.10127,0.56488,0.00628,1.66876,0.92728,0.90637,0.93917,0.64732,1.11261,0.48997,0.01002,0,0.000412246,0.000412246,0.000412246
170,12145.8,1.09583,0.55621,0.0063,1.6612,0.92911,0.90557,0.94116,0.64755,1.10638,0.49013,0.00985,0,0.00040716,0.00040716,0.00040716
171,12214.7,1.11253,0.56681,0.00626,1.65906,0.93968,0.88981,0.9423,0.64815,1.10281,0.49397,0.00983,0,0.000402084,0.000402084,0.000402084
172,12289,1.10173,0.56121,0.00616,1.65383,0.92701,0.9055,0.94144,0.64908,1.10369,0.49226,0.00987,0,0.000397019,0.000397019,0.000397019
173,12359.2,1.10312,0.55292,0.00628,1.6197,0.93963,0.89415,0.94083,0.6482,1.10566,0.48628,0.0099,0,0.000391966,0.000391966,0.000391966
174,12420.8,1.09442,0.55907,0.00625,1.64308,0.92854,0.89698,0.93953,0.64506,1.10916,0.49578,0.00989,0,0.000386926,0.000386926,0.000386926
175,12492.7,1.09548,0.5634,0.00622,1.62622,0.9258,0.90016,0.93932,0.64552,1.11371,0.49469,0.00996,0,0.000381899,0.000381899,0.000381899
176,12573.3,1.1015,0.54817,0.00615,1.65328,0.93783,0.8975,0.93984,0.64936,1.11379,0.49362,0.00998,0,0.000376885,0.000376885,0.000376885
177,12648.9,1.08126,0.54357,0.00624,1.62898,0.93326,0.8912,0.93908,0.64716,1.11212,0.49402,0.00995,0,0.000371885,0.000371885,0.000371885
178,12714.8,1.0908,0.56878,0.00621,1.5971,0.93217,0.89828,0.93946,0.6477,1.11049,0.49561,0.00994,0,0.000366899,0.000366899,0.000366899
179,12782.9,1.08276,0.54835,0.00622,1.6032,0.92377,0.90089,0.93961,0.64743,1.11364,0.49264,0.00994,0,0.000361929,0.000361929,0.000361929
180,12850.2,1.08554,0.54986,0.00621,1.60374,0.92615,0.89588,0.93837,0.64718,1.11562,0.49577,0.00995,0,0.000356975,0.000356975,0.000356975
181,12916.6,1.08172,0.55599,0.00614,1.59142,0.92805,0.90316,0.94087,0.6464,1.11518,0.4947,0.00992,0,0.000352037,0.000352037,0.000352037
182,12991.3,1.06989,0.5391,0.00604,1.56549,0.93563,0.89872,0.93942,0.64641,1.11403,0.48322,0.00992,0,0.000347115,0.000347115,0.000347115
183,13074.1,1.07773,0.5335,0.00613,1.56783,0.93926,0.90178,0.93916,0.64721,1.11077,0.4865,0.00988,0,0.000342211,0.000342211,0.000342211
184,13149.6,1.0837,0.55164,0.00618,1.57686,0.91951,0.91397,0.94139,0.64749,1.10845,0.48661,0.00986,0,0.000337325,0.000337325,0.000337325
185,13218.2,1.07841,0.53392,0.00609,1.56346,0.94382,0.89704,0.94081,0.64762,1.1116,0.48547,0.00996,0,0.000332457,0.000332457,0.000332457
186,13279.8,1.0794,0.53917,0.00614,1.55934,0.93088,0.9089,0.94199,0.64987,1.10886,0.4865,0.00989,0,0.000327608,0.000327608,0.000327608
187,13349.4,1.06987,0.52668,0.00608,1.55564,0.93155,0.9041,0.94063,0.6474,1.1101,0.48671,0.00992,0,0.000322778,0.000322778,0.000322778
188,13420,1.07316,0.53441,0.00614,1.56785,0.93016,0.90732,0.94239,0.64858,1.10945,0.48609,0.00986,0,0.000317969,0.000317969,0.000317969
189,13493.8,1.07016,0.53408,0.00605,1.54295,0.93378,0.90647,0.94225,0.64809,1.10803,0.48815,0.00984,0,0.00031318,0.00031318,0.00031318
190,13575.5,1.08848,0.55168,0.00615,1.56603,0.93132,0.90317,0.94179,0.64754,1.10888,0.49076,0.00987,0,0.000308412,0.000308412,0.000308412
191,13653.3,1.06234,0.5283,0.00593,1.51313,0.93619,0.90234,0.94272,0.64821,1.10824,0.49161,0.00991,0,0.000303665,0.000303665,0.000303665
192,13722.2,1.0642,0.5359,0.00605,1.5325,0.93221,0.91021,0.94321,0.64892,1.11063,0.49237,0.00993,0,0.000298941,0.000298941,0.000298941
193,13786.4,1.07207,0.53797,0.00616,1.52669,0.92553,0.91524,0.94349,0.64865,1.1095,0.49429,0.00994,0,0.000294239,0.000294239,0.000294239
194,13853.5,1.05635,0.52977,0.006,1.50737,0.92796,0.91027,0.94299,0.64836,1.11426,0.48873,0.01,0,0.000289561,0.000289561,0.000289561
195,13926.2,1.07,0.54205,0.00603,1.5296,0.92932,0.90772,0.94225,0.64886,1.11143,0.48769,0.00994,0,0.000284906,0.000284906,0.000284906
196,13999.5,1.06144,0.5449,0.00609,1.50718,0.93094,0.90726,0.94341,0.64904,1.11023,0.49258,0.00993,0,0.000280275,0.000280275,0.000280275
197,14077.8,1.06191,0.53957,0.00601,1.54381,0.92914,0.90799,0.94333,0.64726,1.11248,0.49569,0.00996,0,0.000275668,0.000275668,0.000275668
198,14159.1,1.06956,0.53988,0.00601,1.54071,0.9319,0.90421,0.94313,0.64771,1.11289,0.49545,0.00995,0,0.000271087,0.000271087,0.000271087
199,14231,1.06539,0.54858,0.00616,1.49816,0.92661,0.90836,0.94233,0.64659,1.11525,0.49559,0.00997,0,0.000266532,0.000266532,0.000266532
200,14298,1.06427,0.52357,0.00602,1.49631,0.92861,0.90554,0.94228,0.64685,1.11266,0.49434,0.00994,0,0.000262003,0.000262003,0.000262003
201,14361.3,1.07196,0.53503,0.00608,1.4879,0.92944,0.90582,0.94087,0.64659,1.11252,0.4895,0.00993,0,0.0002575,0.0002575,0.0002575
202,14433,1.06779,0.52305,0.00604,1.46635,0.9249,0.91258,0.94048,0.64681,1.1124,0.49151,0.00992,0,0.000253024,0.000253024,0.000253024
203,14506.7,1.05888,0.53419,0.00589,1.48336,0.92683,0.91153,0.94291,0.64769,1.11182,0.48778,0.0099,0,0.000248577,0.000248577,0.000248577
204,14580.6,1.05467,0.51788,0.00602,1.46627,0.93197,0.90547,0.94159,0.64799,1.1123,0.48677,0.00991,0,0.000244157,0.000244157,0.000244157
205,14661.3,1.05287,0.52367,0.0059,1.45882,0.92913,0.90657,0.94192,0.64757,1.11262,0.48431,0.00994,0,0.000239766,0.000239766,0.000239766
206,14732.9,1.05024,0.51984,0.00594,1.42883,0.92632,0.90675,0.94351,0.64886,1.11217,0.48369,0.00992,0,0.000235404,0.000235404,0.000235404
207,14801.2,1.05274,0.53087,0.00587,1.46495,0.93214,0.90375,0.94376,0.64878,1.11062,0.48502,0.00994,0,0.000231071,0.000231071,0.000231071
208,14864.6,1.06614,0.52844,0.00601,1.47505,0.93103,0.90406,0.94386,0.64934,1.10965,0.48481,0.00992,0,0.000226769,0.000226769,0.000226769
209,14935.2,1.04935,0.54085,0.00591,1.45182,0.93235,0.90647,0.94314,0.64906,1.11162,0.4845,0.00993,0,0.000222497,0.000222497,0.000222497
210,15011.5,1.05979,0.53522,0.00595,1.47619,0.93213,0.906,0.94324,0.64906,1.10857,0.49075,0.00986,0,0.000218256,0.000218256,0.000218256
211,15085.1,1.05282,0.5138,0.00604,1.4349,0.93239,0.90688,0.94294,0.64769,1.10884,0.49325,0.00987,0,0.000214046,0.000214046,0.000214046
212,15164.6,1.0541,0.52934,0.00599,1.45145,0.93099,0.90802,0.94232,0.64695,1.10813,0.49492,0.00986,0,0.000209869,0.000209869,0.000209869
213,15239.1,1.04663,0.5229,0.00589,1.43039,0.93438,0.90198,0.94128,0.64691,1.10564,0.49852,0.00985,0,0.000205723,0.000205723,0.000205723
214,15307.4,1.05699,0.52724,0.00597,1.44259,0.93112,0.90665,0.94224,0.64728,1.10488,0.49695,0.00982,0,0.000201611,0.000201611,0.000201611
215,15372.9,1.05307,0.5168,0.00588,1.42934,0.93187,0.90496,0.94055,0.64816,1.10337,0.49553,0.00982,0,0.000197532,0.000197532,0.000197532
216,15438.6,1.052,0.50976,0.00593,1.42246,0.93409,0.90536,0.94217,0.64863,1.1041,0.49785,0.00981,0,0.000193486,0.000193486,0.000193486
217,15517,1.06138,0.5239,0.006,1.41773,0.93231,0.90612,0.94125,0.6479,1.10326,0.49929,0.00981,0,0.000189475,0.000189475,0.000189475
218,15590.9,1.0398,0.50162,0.00573,1.38202,0.93635,0.906,0.94137,0.64717,1.10358,0.4999,0.00981,0,0.000185498,0.000185498,0.000185498
219,15667.4,1.05202,0.50052,0.00606,1.42278,0.93647,0.90664,0.93964,0.64773,1.10294,0.49955,0.0098,0,0.000181557,0.000181557,0.000181557
220,15743.2,1.05105,0.51786,0.00597,1.42504,0.93558,0.90508,0.9399,0.64784,1.10561,0.49542,0.00984,0,0.000177651,0.000177651,0.000177651
221,15814.7,1.05343,0.52313,0.00592,1.39918,0.93042,0.91161,0.93987,0.64743,1.10564,0.49412,0.00983,0,0.00017378,0.00017378,0.00017378
222,15879.8,1.06296,0.52614,0.00583,1.41039,0.93703,0.90236,0.94059,0.64823,1.10511,0.49358,0.00983,0,0.000169946,0.000169946,0.000169946
223,15941.8,1.04736,0.51995,0.00593,1.39861,0.93166,0.90745,0.94,0.64716,1.10527,0.49436,0.00982,0,0.000166149,0.000166149,0.000166149
224,16021.3,1.04709,0.50879,0.00585,1.38163,0.92491,0.90997,0.94005,0.64757,1.10538,0.49683,0.00982,0,0.000162389,0.000162389,0.000162389
225,16095.6,1.03819,0.51602,0.00593,1.36712,0.93428,0.90109,0.9405,0.64814,1.10396,0.49852,0.00982,0,0.000158667,0.000158667,0.000158667
226,16169.5,1.04992,0.50375,0.00599,1.37037,0.92905,0.90662,0.94167,0.64894,1.10393,0.49697,0.00983,0,0.000154982,0.000154982,0.000154982
227,16245.2,1.04655,0.50792,0.00591,1.38677,0.93291,0.90743,0.94198,0.64873,1.10369,0.49854,0.00981,0,0.000151336,0.000151336,0.000151336
228,16315.8,1.04253,0.51609,0.00579,1.40141,0.92364,0.91004,0.94151,0.64918,1.10302,0.50008,0.00981,0,0.000147729,0.000147729,0.000147729
229,16381.7,1.04486,0.50344,0.00588,1.37252,0.92299,0.9101,0.94166,0.64908,1.10401,0.49935,0.00981,0,0.000144161,0.000144161,0.000144161
230,16443.5,1.05468,0.52075,0.00596,1.38872,0.92328,0.9107,0.94188,0.64904,1.10708,0.49645,0.00984,0,0.000140632,0.000140632,0.000140632
231,16523.6,1.0345,0.49908,0.00587,1.36821,0.92675,0.90466,0.94141,0.64885,1.10766,0.4951,0.00983,0,0.000137143,0.000137143,0.000137143
232,16600,1.03636,0.49673,0.00577,1.35367,0.93784,0.89608,0.94202,0.64951,1.10762,0.49638,0.00982,0,0.000133695,0.000133695,0.000133695
233,16674.2,1.04218,0.50479,0.00586,1.36378,0.93594,0.89774,0.94125,0.64943,1.10649,0.49264,0.00983,0,0.000130287,0.000130287,0.000130287
234,16749.7,1.02829,0.49057,0.00585,1.34312,0.93187,0.90374,0.94102,0.64906,1.10769,0.49164,0.00984,0,0.000126921,0.000126921,0.000126921
235,16823.4,1.0497,0.50702,0.00587,1.34883,0.92378,0.91,0.94095,0.64937,1.10837,0.49027,0.00987,0,0.000123596,0.000123596,0.000123596
236,16890.5,1.04046,0.49944,0.00578,1.35458,0.92674,0.90566,0.94103,0.64883,1.1079,0.4908,0.00986,0,0.000120313,0.000120313,0.000120313
